Crop,State,Season,Planting_Month,Temperature,Rainfall,Soil_Moisture,Nutrient_Level,Fertilizer,Weed_Competition,Planting_Window,Days_to_Maturity,Days_to_Harvest,Harvest_Month,Harvest_Period
Maize,Oyo,Rainy,April,29.1,188.8,Medium,Fair,Organic Manure,Low,Optimal,111,108,August,Early August
Tomato,Oyo,Rainy,July,28.8,207.6,High,Good,Organic Manure,Medium,Optimal,93,94,October,Mid October
Maize,Ondo,Rainy,May,26.4,271.9,High,Fair,NPK,Low,Optimal,91,90,August,Mid August
Cassava,Benue,Dry,March,32.3,18.6,Low,Poor,No Fertilizer,Medium,Early,311,360,March,Early March
Cassava,Enugu,Dry,March,29.3,5.0,Medium,Poor,Urea,High,Optimal,298,320,January,Late January
Tomato,Taraba,Rainy,August,24.6,151.7,Medium,Fair,Urea,Low,Optimal,88,89,November,Mid November
Yam,Benue,Dry,February,29.0,23.4,High,Fair,Urea,Medium,Optimal,195,214,September,Mid September
Yam,Niger,Rainy,July,29.2,159.4,High,Poor,Urea,Low,Late,242,255,March,Late March
Tomato,Ondo,Dry,December,25.2,17.1,Low,Fair,Organic Manure,Low,Optimal,76,81,March,Early March
Yam,Benue,Dry,November,30.7,27.2,Low,Good,Organic Manure,Medium,Early,208,237,July,Early July
Cassava,Kaduna,Dry,January,26.1,5.1,Low,Poor,NPK,Medium,Early,362,373,January,Late January
Cassava,Ondo,Rainy,October,28.8,202.1,High,Fair,NPK,High,Early,296,323,September,Early September
Cassava,Benue,Rainy,April,29.2,235.1,Medium,Fair,Organic Manure,Medium,Optimal,297,292,February,Early February
Cassava,Ondo,Rainy,May,27.5,273.7,Medium,Good,NPK,High,Early,339,385,June,Early June
Tomato,Kaduna,Rainy,September,26.7,143.6,High,Fair,Urea,Low,Early,97,93,December,Mid December
Ewedu,Taraba,Rainy,September,30.5,172.0,Medium,Fair,NPK,Medium,Early,35,35,October,Mid October
Ewedu,Plateau,Rainy,April,24.7,256.0,High,Fair,Urea,Low,Optimal,43,41,May,Late May
Maize,Enugu,Dry,March,31.9,31.2,Low,Good,Organic Manure,Low,Early,112,120,July,Mid July
Ewedu,Kano,Rainy,September,30.6,256.8,High,Good,Organic Manure,Low,Optimal,36,33,October,Mid October
Maize,Ogun,Rainy,May,27.9,211.5,High,Good,Organic Manure,Low,Early,96,96,August,Mid August
Tomato,Enugu,Rainy,August,28.8,186.0,Medium,Good,Organic Manure,Medium,Early,94,89,November,Mid November
Yam,Oyo,Dry,December,24.5,66.4,Medium,Good,NPK,Low,Early,253,238,August,Early August
Tomato,Enugu,Dry,December,28.1,40.7,Low,Fair,NPK,Low,Late,80,93,March,Mid March
Ewedu,Oyo,Rainy,March,28.4,238.6,High,Poor,Organic Manure,Low,Optimal,42,42,April,Late April
Ewedu,Ogun,Dry,February,29.0,5.0,Low,Good,NPK,High,Late,33,40,March,Late March
Ewedu,Kano,Dry,May,36.5,49.3,Medium,Good,NPK,Medium,Optimal,30,28,June,Mid June
Maize,Oyo,Rainy,August,28.9,177.2,High,Good,NPK,High,Late,97,107,November,Late November
Yam,Enugu,Dry,January,26.2,18.3,High,Fair,NPK,High,Optimal,243,277,October,Mid October
Yam,Ogun,Dry,December,26.5,82.1,Low,Fair,Organic Manure,Low,Optimal,203,222,July,Late July
Cassava,Ondo,Rainy,March,23.8,246.3,High,Good,NPK,Medium,Optimal,297,300,January,Early January
Tomato,Taraba,Rainy,June,27.7,150.3,Low,Fair,NPK,Low,Optimal,82,88,September,Mid September
Ewedu,Ondo,Rainy,March,26.9,261.1,Medium,Fair,Organic Manure,High,Optimal,32,35,April,Mid April
Yam,Benue,Dry,March,34.0,6.9,Low,Fair,NPK,High,Late,240,305,January,Mid January
Tomato,Oyo,Rainy,August,29.6,158.9,High,Fair,Organic Manure,Low,Early,91,94,November,Mid November
Yam,Niger,Dry,November,31.3,5.0,Low,Poor,Organic Manure,Low,Early,255,296,September,Early September
Yam,Ogun,Dry,February,26.0,5.0,Medium,Poor,No Fertilizer,Medium,Optimal,233,263,November,Early November
Ewedu,Niger,Dry,February,27.5,25.9,Low,Fair,No Fertilizer,Low,Optimal,33,36,March,Late March
Cassava,Benue,Rainy,September,28.3,257.2,High,Poor,No Fertilizer,Low,Late,359,397,October,Mid October
Ewedu,Enugu,Dry,March,30.4,5.0,Medium,Fair,Urea,Low,Late,44,46,April,Late April
Ewedu,Benue,Rainy,May,31.0,234.5,High,Good,NPK,High,Optimal,38,41,June,Late June
Ewedu,Kano,Rainy,July,27.1,113.3,High,Good,Organic Manure,Medium,Early,31,29,August,Mid August
Yam,Benue,Dry,December,29.1,10.7,Low,Fair,Urea,Low,Optimal,245,275,September,Mid September
Yam,Benue,Dry,December,29.2,5.0,Low,Poor,Organic Manure,Medium,Optimal,195,223,July,Late July
Ewedu,Enugu,Rainy,June,30.3,217.9,High,Fair,NPK,Medium,Optimal,40,40,July,Late July
Maize,Taraba,Rainy,August,26.4,209.5,Medium,Poor,No Fertilizer,Low,Optimal,110,117,December,Early December
Ewedu,Kaduna,Rainy,September,26.2,192.1,Medium,Fair,Urea,High,Late,43,51,November,Early November
Tomato,Taraba,Dry,November,30.0,5.0,Medium,Fair,NPK,Medium,Optimal,84,91,February,Mid February
Yam,Ogun,Rainy,March,26.1,188.3,High,Fair,NPK,Low,Optimal,268,284,December,Late December
Cassava,Ondo,Rainy,April,26.8,301.9,High,Fair,No Fertilizer,Low,Early,318,322,March,Early March
Ewedu,Taraba,Rainy,May,28.0,302.4,High,Poor,NPK,Medium,Optimal,33,33,June,Mid June
Ewedu,Enugu,Rainy,May,30.5,211.9,High,Good,Organic Manure,Medium,Optimal,33,32,June,Mid June
Yam,Kaduna,Dry,February,27.8,5.0,Low,Good,NPK,High,Optimal,264,300,December,Mid December
Tomato,Benue,Rainy,July,30.9,184.2,Low,Fair,Organic Manure,Medium,Optimal,99,107,October,Late October
Cassava,Ogun,Rainy,October,29.1,272.1,High,Good,Urea,Medium,Optimal,300,303,August,Mid August
Tomato,Plateau,Rainy,July,23.6,138.9,High,Fair,Urea,High,Optimal,98,111,November,Early November
Yam,Plateau,Dry,November,26.4,5.0,Low,Poor,No Fertilizer,High,Late,235,312,September,Late September
Cassava,Niger,Dry,March,35.1,33.8,Low,Good,Organic Manure,Medium,Early,336,319,January,Late January
Maize,Taraba,Dry,February,31.0,8.7,Low,Poor,Organic Manure,Low,Late,113,115,June,Early June
Cassava,Enugu,Rainy,August,29.2,211.1,Medium,Fair,NPK,Low,Late,318,340,July,Late July
Cassava,Niger,Rainy,June,31.3,223.6,Medium,Good,NPK,Low,Optimal,337,327,May,Early May
Cassava,Benue,Rainy,September,30.3,135.6,High,Good,Urea,Low,Early,279,269,June,Mid June
Tomato,Taraba,Dry,December,24.1,15.7,Medium,Fair,NPK,Low,Optimal,89,89,March,Mid March
Tomato,Plateau,Dry,November,24.5,5.0,Low,Good,No Fertilizer,Medium,Optimal,76,81,February,Early February
Cassava,Ogun,Rainy,April,26.9,274.0,Medium,Poor,Organic Manure,Low,Optimal,282,293,February,Early February
Tomato,Enugu,Dry,November,29.0,6.1,High,Poor,No Fertilizer,Low,Optimal,91,103,February,Late February
Ewedu,Ondo,Rainy,March,30.6,308.9,Medium,Good,Urea,Medium,Optimal,45,48,May,Early May
Ewedu,Benue,Rainy,June,26.4,195.9,Low,Good,Urea,Low,Optimal,42,44,July,Late July
Tomato,Oyo,Rainy,June,25.2,160.3,Medium,Poor,No Fertilizer,Low,Optimal,79,89,September,Mid September
Tomato,Taraba,Rainy,April,27.6,150.6,High,Poor,No Fertilizer,Medium,Early,89,102,July,Late July
Maize,Kano,Dry,February,32.3,8.2,Low,Good,Organic Manure,Low,Optimal,118,112,June,Early June
Maize,Taraba,Rainy,August,31.5,120.3,High,Good,NPK,High,Optimal,94,102,November,Late November
Cassava,Benue,Rainy,October,32.3,155.7,High,Good,NPK,Low,Early,271,262,July,Early July
Yam,Oyo,Dry,January,29.4,5.0,Medium,Poor,No Fertilizer,Medium,Optimal,224,239,September,Early September
Cassava,Ondo,Rainy,March,27.1,157.7,Medium,Fair,Urea,Low,Optimal,329,318,January,Late January
Yam,Plateau,Dry,October,22.5,11.7,Low,Fair,Organic Manure,Medium,Late,236,269,July,Mid July
Tomato,Kaduna,Dry,November,30.3,26.9,Medium,Poor,Organic Manure,Medium,Optimal,79,81,February,Early February
Maize,Ondo,Rainy,June,27.6,220.5,Low,Poor,Organic Manure,Medium,Optimal,86,89,September,Mid September
Tomato,Kaduna,Dry,January,24.2,21.4,Low,Fair,NPK,Low,Early,85,92,April,Mid April
Tomato,Plateau,Dry,November,27.1,19.7,Low,Poor,Organic Manure,Low,Optimal,99,109,March,Early March
Yam,Benue,Dry,November,29.8,58.9,Low,Poor,Urea,Medium,Optimal,198,220,June,Late June
Tomato,Kaduna,Dry,December,24.4,9.6,Medium,Poor,No Fertilizer,Medium,Optimal,96,108,April,Early April
Ewedu,Ondo,Rainy,May,26.6,290.3,Medium,Good,Organic Manure,Low,Early,43,44,June,Late June
Cassava,Benue,Rainy,October,31.5,215.8,High,Fair,NPK,Medium,Optimal,297,311,August,Late August
Tomato,Kaduna,Dry,December,22.7,41.1,Low,Poor,No Fertilizer,Low,Optimal,100,115,April,Early April
Tomato,Niger,Dry,December,24.3,37.4,Low,Good,Organic Manure,Medium,Late,84,97,March,Late March
Tomato,Oyo,Dry,December,25.2,35.1,Low,Fair,NPK,Medium,Late,78,87,March,Mid March
Ewedu,Taraba,Dry,November,30.2,43.8,Medium,Poor,No Fertilizer,Low,Early,35,38,December,Late December
Cassava,Kano,Rainy,June,31.5,92.8,Medium,Fair,NPK,Low,Late,360,365,June,Mid June
Maize,Oyo,Rainy,March,28.4,221.8,High,Good,Organic Manure,Medium,Optimal,107,104,June,Late June
Maize,Kano,Dry,October,29.2,10.0,Low,Fair,NPK,Medium,Early,109,117,February,Early February
Tomato,Kaduna,Rainy,July,29.5,126.0,Low,Poor,No Fertilizer,High,Optimal,89,113,November,Early November
Tomato,Kaduna,Dry,October,30.0,10.8,Low,Poor,No Fertilizer,High,Optimal,78,99,January,Late January
Maize,Kano,Dry,May,37.7,24.1,Low,Poor,No Fertilizer,Low,Early,89,105,August,Late August
Yam,Benue,Dry,November,30.4,5.0,Medium,Good,NPK,Low,Optimal,254,239,July,Mid July
Cassava,Benue,Rainy,April,29.2,197.9,Medium,Fair,Urea,Low,Early,278,286,January,Late January
Yam,Ogun,Rainy,August,26.9,195.1,High,Poor,NPK,Medium,Optimal,188,206,March,Early March
Yam,Niger,Dry,February,30.8,13.8,Medium,Fair,Organic Manure,Low,Late,262,281,November,Late November
Tomato,Benue,Rainy,August,30.0,142.4,Medium,Poor,No Fertilizer,Low,Optimal,75,78,November,Early November
Ewedu,Niger,Rainy,April,30.2,229.7,Medium,Fair,Organic Manure,Medium,Optimal,39,41,May,Late May
Maize,Oyo,Rainy,June,28.1,213.1,High,Fair,NPK,Low,Optimal,95,94,September,Mid September
Ewedu,Taraba,Rainy,August,29.3,183.1,High,Good,NPK,Medium,Optimal,45,48,October,Early October
Cassava,Ogun,Rainy,April,27.9,190.2,High,Fair,Urea,High,Early,362,415,June,Early June
Tomato,Enugu,Rainy,August,29.5,190.6,High,Fair,No Fertilizer,Low,Optimal,91,95,November,Mid November
Cassava,Ogun,Rainy,September,29.3,233.3,Medium,Fair,Urea,High,Optimal,274,295,July,Early July
Yam,Niger,Dry,January,28.3,24.2,Low,Good,NPK,Low,Early,205,207,August,Early August
Maize,Niger,Rainy,April,27.8,219.0,High,Good,NPK,Medium,Optimal,88,83,July,Early July
Tomato,Plateau,Rainy,June,23.9,279.4,High,Fair,Organic Manure,High,Optimal,83,94,September,Mid September
Cassava,Ondo,Dry,January,27.2,5.0,Medium,Fair,NPK,Medium,Optimal,357,374,January,Late January
Maize,Niger,Dry,March,37.7,13.5,Low,Fair,Organic Manure,Low,Optimal,118,127,July,Mid July
Ewedu,Kano,Rainy,September,29.5,118.3,Medium,Fair,Organic Manure,Medium,Early,36,35,October,Mid October
Tomato,Kaduna,Dry,October,28.0,13.4,Medium,Good,NPK,Low,Optimal,82,81,January,Early January
Tomato,Oyo,Dry,February,28.3,36.6,Medium,Fair,NPK,Low,Late,99,104,May,Late May
Ewedu,Niger,Rainy,June,29.4,200.5,Medium,Fair,Organic Manure,Medium,Optimal,37,37,July,Late July
Ewedu,Benue,Rainy,July,31.0,235.2,High,Fair,Organic Manure,Low,Optimal,35,37,August,Late August
Ewedu,Niger,Rainy,May,30.8,138.8,Medium,Poor,Urea,High,Optimal,38,42,June,Late June
Ewedu,Oyo,Rainy,August,31.0,202.6,High,Good,Organic Manure,Low,Early,38,39,September,Late September
Maize,Ondo,Rainy,October,26.8,291.2,High,Fair,No Fertilizer,Low,Early,90,93,January,Mid January
Ewedu,Enugu,Rainy,June,30.3,190.5,High,Fair,Organic Manure,Medium,Optimal,30,30,July,Mid July
Maize,Ondo,Rainy,August,29.2,168.4,High,Fair,Urea,Medium,Optimal,99,104,November,Late November
Yam,Niger,Dry,February,30.0,10.7,Low,Fair,Urea,Low,Optimal,226,238,October,Early October
Ewedu,Oyo,Rainy,May,30.7,239.2,Medium,Fair,NPK,Low,Late,44,46,June,Late June
Tomato,Ondo,Dry,December,22.4,15.4,Low,Fair,NPK,Low,Optimal,100,110,April,Early April
Tomato,Oyo,Rainy,June,24.5,191.0,Medium,Fair,Urea,Low,Optimal,91,91,September,Mid September
Maize,Niger,Rainy,August,30.1,122.9,Medium,Fair,Urea,Low,Optimal,97,98,November,Late November
Tomato,Taraba,Rainy,October,28.4,223.0,Medium,Good,Organic Manure,Low,Early,92,87,January,Early January
Ewedu,Kaduna,Rainy,September,27.4,120.8,Medium,Poor,NPK,Low,Optimal,31,30,October,Mid October
Yam,Ogun,Dry,December,25.8,5.8,Low,Good,Organic Manure,Medium,Early,213,224,July,Late July
Ewedu,Kano,Rainy,August,33.5,106.6,High,Fair,Urea,Medium,Optimal,31,33,September,Mid September
Cassava,Ondo,Rainy,June,29.4,285.8,High,Good,Organic Manure,High,Optimal,341,346,May,Late May
Tomato,Taraba,Dry,December,24.0,11.6,Low,Poor,Organic Manure,Low,Late,87,95,March,Mid March
Maize,Plateau,Rainy,May,20.5,256.5,High,Fair,NPK,Medium,Late,101,112,September,Early September
Ewedu,Ondo,Rainy,May,25.5,248.8,Medium,Fair,NPK,Medium,Optimal,38,40,June,Late June
Cassava,Oyo,Rainy,May,28.0,152.0,Medium,Poor,Organic Manure,Low,Optimal,321,314,March,Late March
Maize,Kano,Dry,May,35.4,11.8,Low,Fair,NPK,Medium,Optimal,86,93,August,Mid August
Cassava,Benue,Rainy,October,28.8,152.7,Low,Good,Organic Manure,Medium,Late,355,363,October,Mid October
Cassava,Kaduna,Dry,April,36.5,38.9,Low,Good,Organic Manure,Medium,Late,317,356,April,Early April
Ewedu,Ondo,Rainy,April,27.4,208.7,Medium,Fair,Organic Manure,Low,Optimal,39,38,May,Late May
Tomato,Oyo,Dry,December,28.8,5.0,Low,Good,Organic Manure,Medium,Optimal,82,94,March,Mid March
Tomato,Kaduna,Dry,December,21.6,21.1,High,Fair,NPK,Low,Late,84,87,March,Mid March
Yam,Niger,Dry,March,35.2,6.8,Low,Fair,NPK,High,Early,189,234,November,Early November
Maize,Ondo,Rainy,August,26.1,230.3,High,Poor,No Fertilizer,Medium,Optimal,95,101,November,Late November
Maize,Taraba,Rainy,April,28.6,142.6,High,Good,NPK,Low,Optimal,99,96,July,Mid July
Cassava,Benue,Rainy,May,29.8,198.2,High,Poor,NPK,Medium,Late,295,321,April,Early April
Maize,Benue,Rainy,April,30.9,143.5,Medium,Fair,NPK,Low,Optimal,118,124,August,Mid August
Cassava,Oyo,Rainy,October,31.2,237.0,High,Good,Urea,Medium,Early,288,286,July,Late July
Ewedu,Kano,Dry,April,35.6,17.7,Low,Fair,Urea,Low,Optimal,34,37,May,Late May
Cassava,Oyo,Rainy,September,28.7,154.3,High,Good,Urea,Low,Early,297,289,July,Early July
Tomato,Kano,Rainy,June,30.5,230.3,High,Good,Organic Manure,Low,Optimal,76,70,August,Late August
Cassava,Oyo,Rainy,May,26.7,177.7,High,Fair,Urea,Medium,Early,276,282,February,Late February
Yam,Oyo,Rainy,August,29.6,244.8,High,Fair,Organic Manure,Low,Late,234,254,April,Late April
Ewedu,Plateau,Rainy,September,18.8,159.1,High,Poor,No Fertilizer,Medium,Optimal,35,40,October,Late October
Tomato,Kaduna,Dry,October,28.4,5.0,Low,Fair,NPK,Medium,Optimal,77,84,January,Early January
Tomato,Oyo,Rainy,July,31.1,189.6,High,Good,Organic Manure,Low,Optimal,95,92,October,Mid October
Tomato,Ondo,Rainy,October,26.4,228.0,Medium,Fair,No Fertilizer,Low,Optimal,79,80,January,Early January
Maize,Ogun,Rainy,June,29.6,125.6,Medium,Fair,No Fertilizer,Low,Optimal,116,117,October,Early October
Ewedu,Plateau,Dry,March,29.7,14.5,Low,Fair,No Fertilizer,Low,Optimal,36,38,April,Late April
Tomato,Kaduna,Rainy,June,24.9,141.7,High,Fair,Urea,Low,Optimal,94,90,September,Mid September
Maize,Oyo,Rainy,June,28.3,184.2,Low,Good,Organic Manure,Medium,Optimal,104,107,September,Late September
Tomato,Enugu,Rainy,June,29.2,244.7,Medium,Fair,NPK,Medium,Optimal,78,82,September,Early September
Cassava,Enugu,Rainy,September,29.8,170.6,Medium,Poor,NPK,High,Optimal,345,380,September,Late September
Cassava,Ondo,Rainy,April,28.4,349.7,High,Fair,NPK,Medium,Early,355,361,April,Mid April
Ewedu,Ondo,Rainy,March,28.0,198.4,High,Fair,Urea,Medium,Optimal,41,41,April,Late April
Ewedu,Ogun,Rainy,May,27.9,203.5,High,Fair,NPK,High,Optimal,41,45,June,Late June
Ewedu,Ondo,Rainy,March,28.7,305.4,Low,Good,NPK,Low,Optimal,32,33,April,Mid April
Yam,Ondo,Rainy,May,28.6,206.0,High,Fair,Urea,Low,Early,245,261,January,Late January
Ewedu,Ogun,Rainy,April,29.6,151.6,Medium,Good,Organic Manure,High,Optimal,35,37,May,Late May
Maize,Oyo,Rainy,August,25.0,262.3,High,Fair,Urea,Low,Optimal,101,101,November,Late November
Ewedu,Benue,Rainy,May,34.8,178.4,Medium,Fair,NPK,Low,Optimal,43,43,June,Late June
Maize,Ondo,Rainy,June,27.4,280.2,High,Good,Urea,Low,Optimal,109,110,October,Early October
Cassava,Kaduna,Rainy,May,29.0,168.8,High,Good,NPK,Medium,Optimal,328,317,March,Late March
Tomato,Kaduna,Rainy,July,31.1,134.5,Low,Fair,NPK,Low,Early,98,110,November,Early November
Tomato,Taraba,Rainy,June,29.9,294.2,High,Fair,NPK,Medium,Optimal,85,87,September,Early September
Cassava,Ondo,Rainy,November,27.0,228.3,High,Good,NPK,Low,Early,346,344,October,Late October
Cassava,Benue,Rainy,June,25.8,177.2,Medium,Fair,NPK,Low,Optimal,303,308,April,Mid April
Tomato,Plateau,Dry,November,22.6,6.4,Low,Poor,No Fertilizer,Medium,Optimal,86,110,March,Early March
Yam,Benue,Dry,November,29.6,17.2,Low,Good,NPK,Medium,Optimal,218,232,July,Early July
Ewedu,Niger,Rainy,July,29.8,203.8,High,Good,Urea,Medium,Early,39,39,August,Late August
Cassava,Ondo,Rainy,May,28.2,211.5,Low,Fair,Organic Manure,Medium,Optimal,365,377,May,Late May
Maize,Kano,Rainy,August,34.6,107.7,Medium,Fair,NPK,Medium,Optimal,87,96,November,Mid November
Yam,Niger,Dry,March,36.2,57.1,Low,Good,NPK,Low,Late,198,245,November,Mid November
Maize,Ondo,Rainy,August,25.3,310.0,Medium,Fair,NPK,Low,Optimal,100,93,November,Mid November
Ewedu,Niger,Rainy,August,32.5,79.2,Medium,Fair,Urea,Medium,Early,32,33,September,Mid September
Yam,Ogun,Dry,January,25.5,73.0,Medium,Fair,Urea,Medium,Early,214,225,August,Late August
Cassava,Ogun,Rainy,September,25.4,208.7,Low,Poor,Urea,High,Optimal,285,308,July,Mid July
Cassava,Kaduna,Rainy,June,29.9,214.7,Medium,Good,Urea,Low,Optimal,273,268,March,Early March
Ewedu,Benue,Rainy,July,28.7,191.9,High,Good,Urea,Low,Early,33,33,August,Mid August
Yam,Oyo,Rainy,April,26.1,227.1,Medium,Good,No Fertilizer,High,Optimal,189,207,November,Early November
Tomato,Taraba,Rainy,August,26.8,190.6,Medium,Poor,No Fertilizer,Medium,Optimal,85,97,November,Mid November
Maize,Ondo,Rainy,April,25.3,275.2,High,Poor,NPK,Low,Late,95,95,July,Mid July
Cassava,Niger,Rainy,September,33.4,116.6,Low,Good,NPK,Medium,Optimal,306,295,July,Early July
Yam,Niger,Dry,December,23.7,24.5,Low,Fair,Urea,Medium,Early,217,239,August,Mid August
Cassava,Enugu,Dry,March,28.3,8.7,Low,Fair,Urea,Low,Optimal,360,375,March,Late March
Tomato,Plateau,Rainy,July,22.3,213.0,Low,Good,NPK,Medium,Optimal,97,107,October,Late October
Ewedu,Oyo,Rainy,May,28.2,179.9,High,Good,NPK,Medium,Optimal,30,32,June,Mid June
Cassava,Enugu,Rainy,May,29.3,133.0,High,Poor,Organic Manure,Medium,Optimal,330,341,April,Late April
Cassava,Ondo,Rainy,June,26.5,189.5,Medium,Poor,NPK,Medium,Early,296,307,April,Mid April
Maize,Kaduna,Rainy,May,28.6,113.5,Medium,Good,Organic Manure,Medium,Optimal,95,101,August,Late August
Cassava,Niger,Rainy,October,31.5,151.4,Medium,Good,Organic Manure,High,Optimal,271,291,August,Early August
Tomato,Taraba,Dry,December,25.5,22.9,Medium,Fair,Organic Manure,Medium,Early,92,97,March,Late March
Maize,Taraba,Dry,March,29.7,18.3,Low,Poor,Urea,Medium,Optimal,87,84,June,Early June
Yam,Niger,Dry,November,31.2,5.0,Low,Poor,No Fertilizer,High,Late,234,302,September,Mid September
Yam,Benue,Dry,December,25.9,8.5,Low,Good,No Fertilizer,High,Late,212,262,September,Early September
Ewedu,Taraba,Rainy,September,26.7,227.4,High,Good,NPK,High,Optimal,38,45,October,Late October
Tomato,Taraba,Dry,January,24.5,69.0,Low,Fair,Urea,Medium,Late,93,107,May,Early May
Tomato,Enugu,Rainy,June,26.0,209.8,Low,Good,Urea,Medium,Optimal,90,101,September,Late September
Cassava,Ogun,Rainy,November,29.8,193.4,High,Good,Organic Manure,Medium,Late,280,297,September,Early September
Ewedu,Plateau,Rainy,May,22.6,283.9,Medium,Fair,NPK,Medium,Late,37,39,June,Late June
Ewedu,Plateau,Rainy,April,24.5,169.7,Medium,Poor,Urea,Medium,Optimal,42,42,May,Late May
Ewedu,Kaduna,Dry,April,35.2,22.3,Low,Good,NPK,Low,Optimal,35,37,May,Late May
Tomato,Plateau,Rainy,June,22.8,242.9,Medium,Fair,Urea,Medium,Optimal,93,97,September,Mid September
Cassava,Ogun,Rainy,April,28.8,273.6,Low,Good,No Fertilizer,Medium,Late,336,352,April,Early April
Yam,Enugu,Dry,January,27.6,16.8,Low,Fair,NPK,Low,Early,200,221,August,Late August
Tomato,Taraba,Dry,December,25.2,5.0,Medium,Poor,No Fertilizer,Medium,Optimal,92,102,March,Late March
Yam,Oyo,Rainy,March,27.9,245.8,High,Good,NPK,Low,Optimal,256,254,November,Late November
Cassava,Ogun,Dry,December,27.7,5.0,Low,Good,Organic Manure,Low,Early,327,309,October,Mid October
Tomato,Ondo,Rainy,November,26.5,233.6,High,Poor,No Fertilizer,High,Late,77,86,February,Early February
Yam,Oyo,Dry,December,28.3,32.3,Low,Fair,Urea,Medium,Optimal,186,209,July,Mid July
Maize,Kaduna,Dry,March,30.0,39.1,Medium,Fair,NPK,Medium,Optimal,96,102,June,Late June
Tomato,Plateau,Dry,February,23.8,23.9,Low,Good,Organic Manure,Low,Optimal,81,89,May,Mid May
Maize,Niger,Rainy,August,30.3,227.5,Low,Good,Organic Manure,High,Optimal,99,107,November,Late November
Maize,Taraba,Rainy,August,32.6,163.7,Medium,Fair,NPK,High,Optimal,116,124,December,Mid December
Cassava,Enugu,Dry,February,25.6,33.4,Medium,Good,Urea,Medium,Optimal,293,300,December,Mid December
Cassava,Oyo,Rainy,May,26.8,149.7,Medium,Good,Urea,Low,Late,292,299,March,Early March
Ewedu,Ondo,Dry,December,25.4,12.1,Medium,Good,Organic Manure,Medium,Early,40,40,January,Late January
Ewedu,Niger,Rainy,August,32.0,162.9,Low,Fair,Urea,High,Optimal,44,54,October,Early October
Maize,Niger,Rainy,August,29.1,225.0,High,Fair,NPK,Low,Late,103,112,December,Early December
Tomato,Enugu,Rainy,October,27.6,186.1,Medium,Fair,NPK,Medium,Optimal,81,86,January,Early January
Maize,Ogun,Rainy,June,26.6,202.7,Medium,Fair,NPK,Low,Early,119,118,October,Mid October
Maize,Benue,Rainy,May,32.6,161.8,High,Fair,Urea,Medium,Optimal,109,111,September,Early September
Maize,Niger,Rainy,August,29.6,140.8,High,Fair,NPK,Low,Optimal,104,102,November,Late November
Maize,Kaduna,Dry,April,36.3,5.0,Low,Fair,NPK,Low,Optimal,116,127,August,Mid August
Tomato,Enugu,Rainy,June,27.6,192.6,Low,Fair,Urea,Medium,Optimal,97,107,September,Late September
Maize,Taraba,Rainy,August,30.5,141.7,Medium,Fair,Urea,High,Optimal,99,110,December,Early December
Ewedu,Ondo,Rainy,July,24.8,214.6,High,Good,No Fertilizer,High,Late,41,45,August,Late August
Tomato,Kano,Rainy,June,30.0,136.3,Medium,Fair,NPK,Medium,Optimal,77,78,September,Early September
Ewedu,Ondo,Rainy,July,27.2,301.0,Medium,Poor,No Fertilizer,Medium,Optimal,37,42,August,Late August
Tomato,Plateau,Rainy,August,23.9,254.6,Medium,Fair,Organic Manure,Low,Optimal,89,86,November,Early November
Ewedu,Plateau,Rainy,July,24.3,178.8,Low,Fair,Urea,Medium,Optimal,42,49,September,Early September
Ewedu,Kano,Dry,March,37.8,50.5,Low,Fair,NPK,Medium,Optimal,41,50,May,Early May
Cassava,Kaduna,Dry,March,35.0,28.5,Low,Fair,Urea,Medium,Optimal,329,330,February,Early February
Cassava,Ogun,Rainy,October,28.6,208.3,High,Poor,Organic Manure,Low,Optimal,341,334,September,Mid September
Maize,Ogun,Dry,December,26.7,44.6,Low,Fair,NPK,Medium,Late,103,110,April,Early April
Cassava,Oyo,Rainy,October,28.6,197.1,Medium,Fair,Urea,Low,Optimal,330,336,September,Mid September
Yam,Benue,Dry,January,24.6,19.4,High,Good,NPK,Low,Optimal,250,251,September,Late September
Maize,Kano,Rainy,August,29.3,129.2,High,Fair,NPK,Medium,Optimal,97,101,November,Late November
Maize,Kano,Rainy,August,31.1,113.4,High,Fair,NPK,High,Optimal,89,98,November,Late November
Cassava,Enugu,Rainy,September,29.5,201.6,High,Fair,NPK,Medium,Optimal,337,348,August,Late August
Ewedu,Kano,Dry,April,37.2,10.6,Low,Good,NPK,Low,Optimal,39,43,May,Late May
Tomato,Ondo,Dry,December,24.5,35.5,Medium,Good,NPK,Low,Late,76,78,March,Early March
Ewedu,Oyo,Dry,January,28.8,28.7,Low,Fair,Urea,Medium,Late,37,43,February,Late February
Tomato,Taraba,Rainy,June,25.9,81.1,High,Good,NPK,Low,Early,79,77,August,Late August
Ewedu,Plateau,Dry,March,29.3,6.2,Low,Fair,No Fertilizer,Medium,Optimal,31,37,April,Late April
Tomato,Taraba,Dry,February,30.9,8.0,Low,Good,Urea,Low,Early,99,105,May,Late May
Maize,Plateau,Dry,February,21.2,71.9,Low,Poor,Organic Manure,Low,Early,100,100,May,Late May
Tomato,Ondo,Rainy,July,30.2,287.9,Medium,Fair,Urea,Medium,Early,81,82,October,Early October
Cassava,Ogun,Rainy,September,25.5,290.0,Medium,Good,No Fertilizer,Medium,Late,352,390,October,Early October
Yam,Benue,Dry,December,26.9,5.1,Medium,Fair,Urea,Medium,Early,258,271,September,Mid September
Cassava,Enugu,Dry,March,33.3,46.6,Medium,Good,Organic Manure,Low,Optimal,342,317,January,Late January
Cassava,Ondo,Rainy,September,27.8,303.7,Medium,Fair,Organic Manure,Medium,Optimal,316,331,August,Mid August
Cassava,Niger,Rainy,July,29.0,253.5,High,Good,NPK,High,Late,289,309,May,Mid May
Tomato,Plateau,Dry,January,20.0,21.8,Low,Poor,No Fertilizer,High,Late,82,106,April,Late April
Yam,Niger,Dry,January,28.3,15.2,Low,Good,Organic Manure,Medium,Optimal,181,194,July,Late July
Yam,Enugu,Dry,November,27.5,16.3,Low,Good,NPK,Medium,Optimal,234,258,July,Late July
Tomato,Plateau,Rainy,July,21.3,211.7,Medium,Good,NPK,High,Optimal,76,79,October,Early October
Yam,Benue,Dry,November,28.3,6.9,Low,Fair,Urea,Medium,Optimal,269,294,September,Early September
Tomato,Taraba,Rainy,July,28.5,127.9,High,Fair,Urea,Low,Optimal,90,91,October,Mid October
Tomato,Benue,Rainy,August,33.2,148.1,High,Fair,Organic Manure,Low,Optimal,84,92,November,Mid November
Maize,Benue,Rainy,August,28.2,174.9,Medium,Good,NPK,High,Optimal,105,118,December,Mid December
Maize,Enugu,Rainy,August,29.9,187.8,Medium,Good,NPK,Low,Optimal,89,85,November,Early November
Ewedu,Taraba,Rainy,August,31.0,221.6,High,Poor,No Fertilizer,Medium,Optimal,30,35,September,Mid September
Maize,Taraba,Rainy,August,29.1,197.7,High,Fair,Urea,Medium,Early,113,117,December,Early December
Maize,Benue,Rainy,April,31.9,163.4,High,Good,Organic Manure,Medium,Late,88,91,July,Mid July
Tomato,Plateau,Dry,January,21.7,42.5,Medium,Good,Organic Manure,Low,Late,86,87,April,Mid April
Yam,Oyo,Rainy,April,32.2,178.4,High,Good,Organic Manure,High,Optimal,185,204,November,Early November
Cassava,Benue,Dry,March,32.8,51.4,Low,Fair,NPK,High,Optimal,291,320,January,Late January
Tomato,Taraba,Rainy,October,29.4,154.2,High,Good,Organic Manure,High,Early,91,106,January,Late January
Ewedu,Oyo,Rainy,September,28.1,153.0,High,Fair,No Fertilizer,Low,Optimal,45,46,October,Late October
Maize,Kaduna,Dry,December,24.1,5.6,Low,Good,NPK,Medium,Early,109,109,April,Early April
Ewedu,Oyo,Rainy,September,27.8,119.9,High,Fair,Organic Manure,High,Optimal,43,50,November,Early November
Cassava,Ogun,Rainy,March,29.3,141.1,High,Fair,Organic Manure,Low,Optimal,305,298,January,Early January
Cassava,Enugu,Rainy,April,29.2,257.1,High,Fair,NPK,High,Early,312,330,March,Mid March
Ewedu,Niger,Rainy,August,33.5,99.0,Low,Good,Organic Manure,High,Early,39,45,September,Late September
Yam,Enugu,Dry,March,34.7,33.0,Low,Poor,Urea,Medium,Early,192,221,October,Late October
Maize,Kano,Dry,April,37.9,5.0,Low,Fair,NPK,Medium,Optimal,93,102,July,Late July
Tomato,Plateau,Rainy,August,23.2,247.8,High,Poor,No Fertilizer,Medium,Optimal,81,86,November,Early November
Tomato,Taraba,Dry,November,30.4,18.1,Medium,Fair,Urea,High,Optimal,84,87,February,Early February
Cassava,Benue,Dry,March,34.6,12.4,Medium,Good,Organic Manure,High,Optimal,362,395,April,Mid April
Cassava,Ogun,Dry,January,23.8,9.8,Medium,Fair,Urea,Low,Optimal,343,330,December,Early December
Maize,Ondo,Rainy,March,26.8,153.2,Low,Good,Urea,Low,Early,114,117,July,Early July
Maize,Kano,Dry,March,34.2,24.0,Low,Poor,No Fertilizer,Low,Optimal,110,133,July,Late July
Maize,Plateau,Rainy,August,22.6,179.3,Medium,Fair,NPK,Medium,Optimal,86,90,November,Mid November
Yam,Ogun,Dry,December,28.2,16.1,Low,Good,NPK,Medium,Optimal,256,279,September,Mid September
Yam,Enugu,Dry,March,34.3,50.7,High,Fair,NPK,Low,Optimal,199,207,October,Early October
Tomato,Taraba,Dry,November,27.5,5.0,Low,Good,NPK,Low,Optimal,88,93,February,Mid February
Maize,Plateau,Rainy,August,21.4,186.5,Low,Good,Organic Manure,Low,Late,103,107,November,Late November
Yam,Benue,Rainy,July,31.6,203.1,Medium,Poor,No Fertilizer,Medium,Late,221,251,March,Late March
Maize,Niger,Rainy,October,35.5,133.3,Low,Poor,NPK,High,Late,86,99,January,Late January
Ewedu,Enugu,Rainy,June,30.7,163.2,Low,Good,NPK,Medium,Optimal,33,36,July,Late July
Maize,Ondo,Rainy,April,26.1,295.8,Medium,Poor,Urea,Low,Early,91,91,July,Mid July
Tomato,Taraba,Rainy,August,30.1,202.3,High,Poor,NPK,High,Optimal,99,110,December,Early December
Yam,Benue,Dry,March,37.6,24.0,Low,Fair,NPK,Low,Early,258,293,January,Early January
Maize,Kano,Rainy,August,30.1,113.9,Medium,Poor,Urea,Low,Optimal,109,110,December,Early December
Ewedu,Ogun,Rainy,March,28.9,173.6,High,Good,NPK,Medium,Optimal,36,35,April,Mid April
Cassava,Ondo,Rainy,April,27.8,292.7,High,Fair,Organic Manure,Low,Optimal,344,342,March,Late March
Tomato,Plateau,Rainy,July,26.2,215.4,High,Fair,NPK,Medium,Optimal,97,97,October,Mid October
Yam,Oyo,Dry,November,26.6,27.5,Low,Poor,No Fertilizer,Low,Optimal,253,302,September,Mid September
Ewedu,Ogun,Rainy,July,28.9,283.0,Medium,Fair,Urea,Medium,Late,32,33,August,Mid August
Cassava,Ogun,Rainy,October,27.4,225.7,Low,Fair,Urea,Low,Optimal,301,291,August,Early August
Maize,Oyo,Rainy,August,25.3,155.2,High,Fair,Urea,Low,Early,101,105,November,Late November
Ewedu,Plateau,Dry,March,26.3,6.4,Low,Poor,Organic Manure,Low,Optimal,31,32,April,Mid April
Tomato,Taraba,Rainy,June,31.5,225.4,High,Fair,NPK,Low,Optimal,90,85,September,Early September
Maize,Benue,Rainy,May,28.8,190.2,High,Good,Organic Manure,Medium,Optimal,102,103,August,Late August
Ewedu,Taraba,Rainy,October,26.0,106.0,High,Fair,Urea,High,Late,39,49,December,Early December
Ewedu,Enugu,Dry,March,33.3,36.2,Medium,Good,Organic Manure,Medium,Optimal,42,41,April,Late April
Yam,Oyo,Rainy,March,29.0,186.5,High,Good,NPK,Low,Late,189,201,October,Early October
Yam,Niger,Rainy,April,27.2,168.1,High,Fair,NPK,Low,Late,206,224,November,Late November
Maize,Kano,Rainy,June,28.9,60.0,High,Fair,Urea,High,Optimal,106,114,October,Early October
Maize,Kano,Dry,May,35.2,13.3,Medium,Poor,No Fertilizer,Medium,Early,89,106,August,Late August
Tomato,Ondo,Dry,December,26.5,5.0,Low,Poor,Organic Manure,Low,Optimal,88,93,March,Mid March
Cassava,Niger,Rainy,May,29.2,186.9,Medium,Poor,Organic Manure,High,Optimal,324,361,May,Mid May
Cassava,Kaduna,Rainy,May,28.1,131.4,High,Fair,NPK,Low,Optimal,330,331,April,Mid April
Tomato,Plateau,Rainy,June,23.5,219.4,High,Good,NPK,Medium,Early,95,91,September,Mid September
Ewedu,Oyo,Rainy,September,29.0,217.5,High,Good,NPK,Low,Optimal,36,33,October,Mid October
Cassava,Benue,Rainy,October,27.8,156.3,Medium,Good,NPK,Medium,Late,344,368,October,Mid October
Cassava,Oyo,Dry,December,25.0,13.8,Low,Good,NPK,High,Early,333,367,December,Mid December
Yam,Benue,Dry,January,25.6,15.0,Low,Poor,Urea,Medium,Optimal,233,257,September,Late September
Yam,Benue,Dry,January,25.7,49.7,Medium,Fair,Organic Manure,Low,Optimal,200,206,August,Early August
Tomato,Kaduna,Rainy,July,31.2,88.3,Medium,Poor,No Fertilizer,Low,Optimal,85,93,October,Mid October
Cassava,Enugu,Rainy,May,28.6,326.1,High,Good,No Fertilizer,Medium,Optimal,364,384,June,Early June
Cassava,Enugu,Dry,November,27.4,13.0,Low,Fair,Organic Manure,High,Late,311,369,November,Mid November
Cassava,Enugu,Rainy,October,30.7,223.6,High,Poor,No Fertilizer,Medium,Optimal,325,370,October,Mid October
Yam,Ondo,Rainy,April,26.6,238.3,Medium,Poor,Organic Manure,Medium,Optimal,188,191,October,Late October
Ewedu,Ondo,Rainy,June,26.0,221.1,High,Poor,NPK,Low,Optimal,38,38,July,Late July
Cassava,Enugu,Rainy,April,29.2,140.0,High,Fair,NPK,Low,Early,354,358,April,Early April
Cassava,Ondo,Rainy,March,31.1,194.7,Medium,Poor,No Fertilizer,High,Early,334,394,April,Mid April
Tomato,Taraba,Rainy,July,31.5,198.9,High,Fair,Urea,High,Optimal,87,96,October,Mid October
Cassava,Niger,Dry,March,33.8,79.0,Low,Good,Organic Manure,Low,Optimal,287,272,December,Mid December
Yam,Benue,Dry,November,31.1,19.2,Low,Fair,Urea,Medium,Optimal,189,215,June,Mid June
Cassava,Kaduna,Rainy,September,27.7,216.6,Medium,Fair,NPK,Medium,Optimal,346,344,August,Late August
Yam,Oyo,Dry,January,24.0,90.0,Medium,Good,NPK,Medium,Optimal,263,262,October,Early October
Yam,Ondo,Rainy,June,29.4,253.9,High,Poor,NPK,Low,Early,227,229,January,Late January
Yam,Ogun,Rainy,March,28.2,201.3,High,Fair,NPK,High,Optimal,254,287,December,Late December
Maize,Kano,Dry,November,31.3,5.0,Medium,Good,NPK,Medium,Late,96,101,February,Late February
Yam,Benue,Dry,January,25.6,5.0,Low,Fair,Urea,Medium,Optimal,264,292,November,Early November
Ewedu,Kano,Dry,March,33.7,12.6,Low,Fair,Organic Manure,High,Early,37,46,April,Late April
Tomato,Benue,Rainy,October,30.7,299.7,Medium,Fair,NPK,Low,Late,98,101,January,Late January
Maize,Kano,Dry,April,37.0,47.7,Medium,Good,Organic Manure,High,Late,92,110,August,Early August
Maize,Ogun,Dry,January,28.1,52.6,Low,Fair,Urea,Low,Optimal,115,122,May,Mid May
Maize,Oyo,Dry,November,29.3,9.1,Low,Poor,Urea,Low,Early,88,88,February,Mid February
Cassava,Benue,Rainy,June,29.4,140.9,High,Poor,Organic Manure,Medium,Optimal,363,385,July,Early July
Yam,Oyo,Dry,November,30.2,5.0,Medium,Good,Urea,Medium,Late,258,278,August,Mid August
Ewedu,Taraba,Rainy,October,28.5,216.8,Medium,Poor,Urea,Low,Late,39,40,November,Late November
Maize,Taraba,Dry,March,34.0,17.5,Low,Fair,Urea,Medium,Optimal,99,103,June,Late June
Cassava,Ondo,Rainy,September,25.5,270.3,Medium,Good,NPK,Medium,Optimal,311,305,July,Mid July
Ewedu,Kano,Rainy,August,30.1,60.0,High,Fair,Urea,Low,Late,37,39,September,Late September
Cassava,Ogun,Dry,January,24.6,6.1,Low,Fair,Organic Manure,Low,Late,329,332,December,Mid December
Ewedu,Plateau,Rainy,June,24.0,164.0,High,Fair,Urea,Low,Optimal,45,45,July,Late July
Tomato,Oyo,Rainy,June,28.5,179.8,Low,Fair,Organic Manure,Medium,Early,100,110,October,Early October
Cassava,Ogun,Rainy,April,27.0,208.5,High,Fair,Urea,Medium,Early,280,282,January,Late January
Tomato,Ogun,Rainy,April,27.1,232.7,High,Fair,Organic Manure,Medium,Late,88,89,July,Mid July
Yam,Enugu,Dry,December,28.1,24.4,Low,Fair,NPK,High,Early,227,260,September,Early September
Yam,Benue,Dry,February,29.6,54.4,Low,Fair,NPK,High,Optimal,220,259,October,Late October
Ewedu,Ondo,Dry,January,23.4,13.4,Low,Poor,NPK,Medium,Late,42,50,March,Early March
Ewedu,Ondo,Rainy,April,28.6,246.2,Medium,Fair,NPK,High,Optimal,37,40,May,Late May
Ewedu,Enugu,Rainy,May,27.8,227.6,High,Good,NPK,Medium,Late,38,38,June,Late June
Cassava,Benue,Dry,November,29.9,19.8,Low,Fair,Urea,High,Late,313,339,October,Mid October
Yam,Benue,Dry,January,26.9,9.8,Medium,Fair,Urea,High,Early,246,261,October,Early October
Ewedu,Benue,Rainy,July,29.2,148.1,High,Good,NPK,Medium,Early,42,38,August,Late August
Yam,Kaduna,Dry,December,22.8,29.1,Low,Good,Organic Manure,Low,Early,219,227,July,Late July
Ewedu,Enugu,Rainy,July,30.0,188.0,High,Fair,Urea,Medium,Optimal,31,31,August,Mid August
Tomato,Niger,Dry,November,31.9,25.3,Low,Good,NPK,Medium,Optimal,91,101,February,Late February
Cassava,Benue,Rainy,September,31.4,158.7,Medium,Good,NPK,High,Optimal,319,326,August,Early August
Ewedu,Ogun,Rainy,June,28.6,194.5,High,Good,Urea,Low,Optimal,38,38,July,Late July
Tomato,Plateau,Rainy,July,23.4,205.7,Medium,Fair,Urea,High,Late,77,86,October,Early October
Ewedu,Niger,Rainy,August,27.8,128.8,High,Good,NPK,Medium,Optimal,35,36,September,Mid September
Maize,Niger,Rainy,April,32.3,152.2,High,Good,No Fertilizer,Medium,Optimal,88,90,July,Mid July
Ewedu,Oyo,Rainy,May,30.4,227.4,Low,Fair,Urea,High,Optimal,34,41,June,Late June
Maize,Taraba,Rainy,May,30.9,123.6,High,Fair,Urea,Medium,Optimal,89,91,August,Mid August
Cassava,Niger,Rainy,September,32.6,197.5,High,Poor,NPK,Medium,Optimal,331,338,August,Mid August
Yam,Benue,Dry,November,30.1,86.4,Low,Fair,Organic Manure,High,Optimal,252,316,September,Late September
Maize,Ondo,Rainy,May,30.5,281.1,High,Good,NPK,Low,Optimal,108,105,August,Late August
Cassava,Ondo,Rainy,June,26.6,209.7,High,Fair,Urea,Medium,Optimal,358,365,June,Mid June
Ewedu,Oyo,Rainy,March,25.9,116.8,High,Good,Organic Manure,Medium,Optimal,39,35,April,Mid April
Tomato,Niger,Rainy,October,29.9,160.0,High,Fair,Organic Manure,High,Optimal,97,102,January,Late January
Yam,Ogun,Dry,December,27.6,42.3,High,Good,Urea,Low,Optimal,258,269,September,Early September
Ewedu,Kano,Rainy,July,28.5,159.6,High,Fair,No Fertilizer,Low,Late,41,42,August,Late August
Ewedu,Ondo,Rainy,April,28.4,300.3,High,Good,Organic Manure,Medium,Optimal,33,32,May,Mid May
Ewedu,Plateau,Dry,March,27.6,69.3,Low,Good,Organic Manure,Medium,Optimal,31,34,April,Mid April
Maize,Benue,Rainy,April,29.8,224.1,High,Fair,NPK,Medium,Optimal,92,96,July,Mid July
Cassava,Benue,Dry,March,36.2,33.0,Low,Good,Organic Manure,Medium,Optimal,322,356,March,Early March
Tomato,Taraba,Rainy,August,28.9,297.1,High,Fair,NPK,Low,Optimal,82,86,November,Early November
Yam,Niger,Rainy,April,31.4,187.3,High,Good,NPK,Medium,Late,249,266,January,Early January
Maize,Kaduna,Rainy,August,28.0,102.4,Medium,Fair,NPK,Medium,Optimal,85,90,November,Mid November
Cassava,Oyo,Rainy,March,26.6,253.0,High,Fair,Organic Manure,High,Optimal,289,317,January,Late January
Yam,Niger,Dry,December,29.5,23.9,Medium,Fair,No Fertilizer,Medium,Optimal,197,205,July,Early July
Cassava,Oyo,Rainy,April,30.4,167.6,High,Good,NPK,High,Optimal,323,329,March,Early March
Tomato,Kaduna,Dry,December,22.0,5.0,Medium,Fair,Organic Manure,High,Optimal,83,88,March,Mid March
Ewedu,Kano,Rainy,August,26.2,131.5,Medium,Poor,No Fertilizer,Low,Optimal,39,44,September,Late September
Yam,Benue,Dry,January,24.4,29.7,Low,Fair,Urea,Low,Optimal,180,183,July,Mid July
Maize,Kaduna,Dry,April,30.8,39.5,Low,Fair,Organic Manure,Medium,Optimal,88,93,July,Mid July
Maize,Plateau,Rainy,June,22.3,310.1,High,Poor,No Fertilizer,Low,Optimal,107,117,October,Early October
Yam,Oyo,Rainy,March,27.0,278.8,High,Poor,Organic Manure,Medium,Optimal,234,267,December,Early December
Cassava,Kaduna,Rainy,September,30.1,184.2,Medium,Good,Urea,Medium,Late,296,322,August,Early August
Yam,Benue,Dry,December,29.4,5.0,Low,Fair,Urea,Low,Early,185,204,July,Early July
Maize,Oyo,Rainy,August,27.1,237.7,Medium,Fair,NPK,High,Optimal,103,116,December,Early December
Ewedu,Kaduna,Dry,February,26.2,9.9,Low,Fair,Organic Manure,High,Late,37,46,April,Early April
Cassava,Niger,Rainy,June,30.1,167.0,Medium,Fair,NPK,Medium,Optimal,327,342,May,Late May
Ewedu,Ogun,Rainy,May,28.8,308.8,High,Poor,No Fertilizer,High,Optimal,42,47,July,Early July
Maize,Kano,Rainy,August,29.6,61.8,Medium,Fair,NPK,Low,Optimal,114,117,December,Early December
Yam,Enugu,Dry,January,23.0,22.2,Low,Fair,NPK,Medium,Early,197,214,August,Mid August
Ewedu,Plateau,Rainy,July,21.1,171.3,High,Good,NPK,Medium,Optimal,38,39,August,Late August
Maize,Enugu,Rainy,April,29.3,203.4,High,Fair,Organic Manure,Medium,Optimal,94,100,July,Late July
Maize,Ondo,Rainy,March,26.9,230.9,Medium,Fair,Urea,Low,Early,113,114,July,Early July
Cassava,Ogun,Rainy,March,25.6,95.7,Low,Fair,Urea,Low,Early,283,284,December,Late December
Ewedu,Oyo,Rainy,March,27.6,65.8,High,Good,Organic Manure,High,Optimal,41,43,April,Late April
Ewedu,Kaduna,Dry,April,32.4,23.6,Low,Fair,Urea,High,Optimal,32,37,May,Late May
Tomato,Benue,Dry,November,31.4,78.4,Low,Fair,No Fertilizer,Medium,Optimal,77,89,February,Mid February
Ewedu,Niger,Rainy,September,30.1,163.3,Medium,Good,Urea,Medium,Optimal,34,35,October,Mid October
Tomato,Taraba,Dry,November,28.1,7.2,Medium,Poor,Urea,High,Optimal,82,92,February,Mid February
Ewedu,Benue,Rainy,June,32.8,163.8,Medium,Fair,No Fertilizer,Medium,Optimal,31,32,July,Mid July
Ewedu,Oyo,Rainy,May,23.9,234.8,Medium,Poor,Organic Manure,Low,Optimal,35,35,June,Mid June
Cassava,Ondo,Rainy,September,27.4,279.1,Medium,Good,NPK,Medium,Optimal,275,281,June,Late June
Yam,Enugu,Dry,March,29.2,32.8,Medium,Fair,No Fertilizer,Medium,Optimal,268,269,December,Early December
Yam,Niger,Dry,December,27.9,5.5,Medium,Fair,Organic Manure,Low,Early,231,224,July,Late July
Maize,Plateau,Rainy,August,24.1,193.4,Medium,Fair,NPK,High,Late,106,122,December,Mid December
Cassava,Ondo,Rainy,September,26.7,228.3,High,Fair,NPK,Medium,Optimal,294,299,July,Mid July
Ewedu,Oyo,Rainy,June,28.6,246.7,Medium,Fair,NPK,Medium,Early,38,38,July,Late July
Maize,Oyo,Rainy,June,28.5,212.1,High,Fair,NPK,Medium,Optimal,88,94,September,Mid September
Tomato,Kano,Rainy,July,28.1,60.0,High,Fair,NPK,High,Optimal,79,85,October,Early October
Yam,Benue,Dry,November,33.6,13.3,Low,Good,NPK,Medium,Optimal,239,263,August,Early August
Yam,Enugu,Dry,February,28.9,18.0,High,Poor,Organic Manure,Medium,Optimal,253,267,November,Early November
Ewedu,Kano,Dry,March,36.9,38.6,Low,Poor,Organic Manure,Medium,Optimal,33,37,April,Late April
Ewedu,Kaduna,Rainy,May,27.3,209.8,High,Fair,Urea,Medium,Optimal,38,38,June,Late June
Ewedu,Ondo,Rainy,May,27.8,236.1,Medium,Fair,Organic Manure,High,Optimal,43,46,June,Late June
Cassava,Ondo,Rainy,March,28.2,261.8,Low,Fair,Urea,Medium,Optimal,343,359,March,Early March
Maize,Ondo,Rainy,May,28.8,244.0,High,Good,Organic Manure,Low,Optimal,104,98,August,Late August
Cassava,Benue,Rainy,June,30.0,234.2,High,Good,Organic Manure,Medium,Optimal,306,312,April,Late April
Maize,Enugu,Dry,March,32.2,8.5,Medium,Fair,NPK,Medium,Optimal,113,112,July,Early July
Maize,Ogun,Rainy,April,31.1,273.6,Low,Fair,NPK,Medium,Optimal,113,115,August,Early August
Ewedu,Ondo,Rainy,August,26.9,192.6,Low,Poor,Organic Manure,High,Optimal,40,49,October,Early October
Yam,Plateau,Dry,December,18.8,48.7,Low,Fair,Organic Manure,Medium,Optimal,262,301,October,Mid October
Cassava,Ondo,Rainy,March,26.6,229.3,High,Good,NPK,Low,Optimal,288,277,December,Mid December
Yam,Ondo,Rainy,November,28.6,238.5,High,Fair,NPK,Medium,Optimal,235,248,July,Late July
Maize,Kaduna,Rainy,June,28.3,221.0,High,Good,Organic Manure,Medium,Late,119,124,October,Mid October
Yam,Benue,Rainy,October,29.9,239.2,Medium,Good,Organic Manure,High,Early,195,211,May,Mid May
Yam,Oyo,Dry,February,27.9,5.0,Low,Fair,NPK,Low,Optimal,181,195,August,Late August
Ewedu,Oyo,Rainy,March,30.4,311.5,High,Fair,NPK,Low,Optimal,41,40,April,Late April
Maize,Plateau,Rainy,June,24.3,207.2,Medium,Poor,Organic Manure,Medium,Optimal,104,107,September,Late September
Yam,Oyo,Dry,February,26.4,15.9,Low,Poor,No Fertilizer,Low,Optimal,254,304,December,Mid December
Yam,Enugu,Rainy,April,24.9,182.6,High,Fair,Organic Manure,Medium,Early,224,241,December,Mid December
Cassava,Plateau,Dry,October,25.0,5.0,Medium,Fair,NPK,Medium,Optimal,338,339,September,Mid September
Maize,Enugu,Rainy,April,28.0,180.2,High,Good,NPK,Low,Optimal,111,101,July,Late July
Maize,Oyo,Rainy,June,30.4,263.5,High,Fair,NPK,Medium,Optimal,97,100,September,Late September
Cassava,Plateau,Dry,November,25.5,90.0,Low,Good,Organic Manure,Low,Late,330,331,October,Mid October
Ewedu,Niger,Rainy,August,28.8,226.3,High,Fair,Organic Manure,Low,Early,31,29,September,Mid September
Maize,Plateau,Rainy,August,23.8,183.3,Medium,Good,NPK,Low,Optimal,93,88,November,Mid November
Cassava,Niger,Rainy,September,31.6,234.4,High,Fair,Organic Manure,Medium,Optimal,319,336,August,Mid August
Ewedu,Taraba,Dry,March,31.2,5.0,Low,Fair,NPK,Low,Optimal,35,38,April,Late April
Tomato,Ondo,Rainy,November,28.2,255.6,High,Fair,NPK,Low,Optimal,97,99,February,Late February
Maize,Oyo,Rainy,March,29.5,140.5,High,Good,NPK,Low,Optimal,117,115,July,Early July
Tomato,Taraba,Dry,December,26.2,5.0,Low,Good,Organic Manure,Low,Optimal,86,94,March,Mid March
Maize,Plateau,Dry,January,22.0,19.8,Medium,Poor,NPK,Medium,Late,98,103,April,Late April
Ewedu,Oyo,Rainy,September,27.3,190.9,Low,Poor,No Fertilizer,Medium,Optimal,41,48,November,Early November
Yam,Benue,Rainy,September,30.8,167.9,High,Good,Organic Manure,Low,Early,262,270,June,Mid June
Maize,Ondo,Rainy,September,28.6,275.2,High,Good,No Fertilizer,Medium,Late,86,93,December,Mid December
Cassava,Benue,Rainy,October,29.1,217.2,Medium,Fair,Urea,Low,Optimal,281,278,July,Mid July
Ewedu,Benue,Rainy,June,30.7,270.2,High,Fair,No Fertilizer,Medium,Optimal,31,29,July,Mid July
Cassava,Oyo,Rainy,April,27.7,122.7,High,Poor,Organic Manure,Low,Early,298,304,February,Mid February
Ewedu,Kaduna,Rainy,July,30.0,234.5,High,Fair,NPK,Low,Optimal,43,44,August,Late August
Ewedu,Enugu,Rainy,September,27.6,213.7,Medium,Fair,NPK,Low,Optimal,45,44,October,Late October
Cassava,Benue,Rainy,October,30.1,239.8,Medium,Good,Organic Manure,Low,Early,276,266,July,Early July
Tomato,Oyo,Rainy,August,30.3,206.9,Medium,Fair,Organic Manure,High,Optimal,96,105,November,Late November
Ewedu,Oyo,Rainy,August,28.6,240.0,High,Good,Organic Manure,Low,Optimal,38,34,September,Mid September
Yam,Oyo,Dry,February,27.0,14.3,Medium,Fair,NPK,Medium,Late,250,272,November,Mid November
Cassava,Oyo,Rainy,March,28.7,289.7,High,Fair,Urea,Medium,Optimal,330,334,February,Mid February
Tomato,Taraba,Dry,December,28.0,6.8,Low,Poor,Organic Manure,Low,Optimal,88,96,March,Late March
Tomato,Benue,Dry,February,29.6,16.7,Low,Fair,NPK,Low,Late,91,102,May,Late May
Yam,Kaduna,Dry,February,28.5,34.0,Low,Poor,No Fertilizer,Medium,Optimal,226,268,November,Early November
Maize,Enugu,Dry,March,30.9,7.3,Medium,Good,Organic Manure,Low,Early,98,95,June,Mid June
Maize,Niger,Rainy,August,29.1,170.8,High,Fair,Urea,Medium,Optimal,90,94,November,Mid November
Maize,Taraba,Rainy,August,24.8,200.3,High,Good,Organic Manure,Medium,Optimal,95,89,November,Mid November
Maize,Ogun,Rainy,May,27.9,159.4,Low,Fair,NPK,Low,Optimal,85,91,August,Mid August
Tomato,Enugu,Dry,December,25.5,21.2,Low,Poor,Organic Manure,Low,Optimal,88,96,March,Late March
Tomato,Taraba,Rainy,June,28.2,144.9,High,Good,NPK,Low,Optimal,90,87,September,Early September
Cassava,Ogun,Rainy,September,27.2,189.2,High,Good,NPK,High,Optimal,318,347,August,Late August
Cassava,Ogun,Rainy,June,29.7,207.0,High,Fair,No Fertilizer,Medium,Optimal,307,313,April,Late April
Yam,Enugu,Dry,February,25.5,59.5,Medium,Good,Organic Manure,Low,Late,244,237,October,Early October
Yam,Niger,Rainy,April,27.4,212.8,Low,Fair,No Fertilizer,Medium,Late,254,293,February,Early February
Maize,Kaduna,Dry,March,32.4,29.0,Medium,Good,NPK,Low,Optimal,89,83,June,Early June
Tomato,Benue,Dry,December,23.0,11.5,Low,Fair,NPK,Low,Late,78,92,March,Mid March
Cassava,Enugu,Rainy,September,27.9,233.0,Medium,Fair,Urea,Medium,Optimal,334,343,August,Late August
Ewedu,Plateau,Rainy,May,21.3,258.5,High,Fair,NPK,Low,Optimal,39,39,June,Late June
Tomato,Plateau,Rainy,August,24.6,212.2,High,Fair,NPK,Low,Late,78,81,November,Early November
Tomato,Kaduna,Rainy,August,26.2,162.4,Medium,Fair,Organic Manure,Medium,Early,75,75,October,Late October
Cassava,Ogun,Rainy,October,26.6,345.5,High,Poor,NPK,Medium,Optimal,274,278,July,Mid July
Maize,Enugu,Rainy,June,29.0,163.8,High,Fair,Organic Manure,High,Late,97,110,October,Early October
Cassava,Benue,Rainy,April,32.3,208.7,Medium,Good,Organic Manure,Low,Optimal,311,304,February,Mid February
Tomato,Oyo,Rainy,July,26.1,236.4,Low,Fair,NPK,Medium,Early,83,90,October,Mid October
Ewedu,Enugu,Dry,February,31.3,40.0,Low,Poor,NPK,Medium,Late,42,44,March,Late March
Cassava,Oyo,Rainy,October,27.0,112.4,High,Poor,No Fertilizer,Low,Early,327,371,October,Late October
Cassava,Enugu,Rainy,April,30.6,260.7,High,Fair,NPK,Low,Optimal,306,304,February,Mid February
Tomato,Benue,Rainy,July,27.8,144.1,High,Fair,NPK,Medium,Late,76,81,October,Early October
Ewedu,Plateau,Rainy,July,25.6,257.8,High,Fair,Urea,Low,Optimal,35,35,August,Mid August
Ewedu,Benue,Rainy,July,28.7,237.5,High,Good,NPK,Low,Early,39,36,August,Mid August
Maize,Kano,Dry,May,34.8,90.0,Low,Good,No Fertilizer,Low,Optimal,101,106,August,Late August
Ewedu,Kano,Dry,March,35.5,16.6,Medium,Fair,NPK,Medium,Late,30,35,April,Mid April
Tomato,Kaduna,Dry,October,29.2,12.1,Low,Good,Organic Manure,Medium,Optimal,76,80,January,Early January
Ewedu,Ogun,Rainy,August,27.6,208.3,Medium,Fair,Urea,High,Optimal,32,32,September,Mid September
Ewedu,Kano,Dry,April,36.4,57.6,Low,Fair,Urea,High,Optimal,32,40,May,Late May
Yam,Oyo,Rainy,April,28.7,205.8,Medium,Good,Organic Manure,Medium,Early,254,255,December,Late December
Yam,Oyo,Dry,January,25.8,12.2,Low,Good,Organic Manure,Medium,Optimal,211,227,August,Late August
Ewedu,Kano,Dry,March,34.9,20.2,Medium,Poor,Organic Manure,Medium,Optimal,38,39,April,Late April
Yam,Enugu,Dry,March,33.1,14.5,Low,Poor,Urea,Low,Late,207,235,November,Early November
Cassava,Enugu,Rainy,September,27.3,182.1,Medium,Poor,No Fertilizer,High,Optimal,275,303,July,Mid July
Tomato,Taraba,Rainy,October,26.9,182.8,High,Good,Organic Manure,Low,Optimal,84,81,January,Early January
Maize,Benue,Rainy,June,28.1,198.3,High,Poor,No Fertilizer,Medium,Early,101,110,October,Early October
Maize,Enugu,Rainy,August,33.0,223.1,Medium,Poor,No Fertilizer,Low,Optimal,105,116,December,Early December
Ewedu,Benue,Dry,March,31.8,12.6,Low,Poor,Organic Manure,High,Early,31,36,April,Mid April
Tomato,Plateau,Rainy,June,28.0,127.4,High,Poor,Urea,Low,Optimal,81,82,September,Early September
Maize,Ogun,Rainy,May,30.9,208.7,Medium,Fair,NPK,Low,Optimal,113,114,September,Early September
Cassava,Ogun,Rainy,June,28.9,208.4,High,Good,NPK,High,Optimal,360,388,July,Early July
Ewedu,Niger,Rainy,May,28.1,171.9,Medium,Good,NPK,Low,Optimal,43,42,June,Late June
Cassava,Ondo,Rainy,March,24.1,304.3,Medium,Good,NPK,Medium,Optimal,297,296,January,Early January
Ewedu,Plateau,Rainy,May,21.9,205.8,High,Fair,Organic Manure,Low,Optimal,37,33,June,Mid June
Tomato,Taraba,Dry,December,26.9,90.0,Low,Fair,Organic Manure,Medium,Optimal,85,93,March,Mid March
Ewedu,Benue,Rainy,July,30.9,216.5,Low,Good,Urea,Low,Optimal,39,44,August,Late August
Maize,Plateau,Rainy,June,22.9,188.9,High,Fair,Urea,Low,Optimal,103,106,September,Late September
Maize,Taraba,Dry,February,29.7,5.0,Low,Fair,Urea,Medium,Late,102,111,June,Early June
Tomato,Niger,Dry,December,28.5,29.5,Medium,Fair,Organic Manure,Medium,Optimal,78,81,March,Early March
Maize,Kano,Dry,February,28.3,40.8,Low,Fair,Organic Manure,Low,Late,95,99,May,Late May
Maize,Kano,Rainy,July,31.7,128.1,Medium,Good,NPK,Low,Late,95,97,October,Mid October
Maize,Ondo,Rainy,June,28.5,266.5,High,Fair,NPK,Medium,Optimal,112,113,October,Early October
Ewedu,Benue,Rainy,July,32.1,219.4,Low,Poor,Organic Manure,Medium,Early,43,48,September,Early September
Cassava,Oyo,Dry,January,26.4,16.7,Low,Poor,No Fertilizer,Low,Late,277,289,October,Late October
Ewedu,Taraba,Rainy,August,25.6,171.4,High,Fair,Urea,Medium,Optimal,32,32,September,Mid September
Tomato,Kaduna,Dry,October,24.8,5.0,High,Fair,NPK,Low,Optimal,88,88,January,Mid January
Maize,Ondo,Rainy,June,28.4,289.7,Low,Good,NPK,High,Optimal,87,96,September,Mid September
Tomato,Taraba,Rainy,October,27.2,135.1,High,Fair,NPK,Medium,Optimal,82,83,January,Early January
Yam,Benue,Dry,March,35.5,9.7,Low,Good,NPK,Low,Optimal,223,250,November,Mid November
Ewedu,Benue,Dry,March,35.1,90.0,Low,Good,Organic Manure,Medium,Optimal,39,43,April,Late April
Ewedu,Oyo,Rainy,September,30.7,136.1,High,Fair,Urea,Medium,Early,32,33,October,Mid October
Cassava,Ogun,Rainy,September,29.6,323.4,Medium,Fair,NPK,Medium,Early,329,324,August,Early August
Maize,Benue,Rainy,October,30.4,165.4,High,Good,NPK,Medium,Late,93,96,January,Mid January
Cassava,Oyo,Rainy,April,29.3,205.6,Medium,Fair,NPK,Low,Late,319,344,March,Late March
Yam,Enugu,Dry,January,27.2,7.9,Low,Good,Urea,Low,Optimal,225,241,September,Mid September
Tomato,Plateau,Dry,October,22.0,24.8,Low,Fair,Organic Manure,Low,Early,76,80,January,Early January
Maize,Oyo,Rainy,June,26.8,245.4,High,Poor,Urea,Low,Optimal,85,84,September,Early September
Tomato,Taraba,Rainy,October,28.5,223.0,Low,Fair,Urea,High,Optimal,77,88,January,Mid January
Ewedu,Niger,Rainy,July,31.7,133.5,Medium,Good,NPK,High,Optimal,35,36,August,Mid August
Tomato,Plateau,Dry,December,18.6,7.9,Medium,Fair,Urea,High,Optimal,96,107,April,Early April
Maize,Oyo,Dry,January,24.8,55.6,Low,Fair,NPK,Medium,Late,100,102,April,Late April
Maize,Kano,Dry,April,38.4,83.2,Low,Fair,NPK,High,Late,88,108,August,Early August
Yam,Niger,Dry,January,30.1,12.3,Low,Good,NPK,High,Optimal,237,282,October,Late October
Cassava,Ogun,Rainy,May,26.3,233.6,High,Good,NPK,High,Early,342,359,May,Early May
Tomato,Kano,Dry,October,30.2,8.8,Low,Good,Organic Manure,Low,Optimal,78,84,January,Early January
Cassava,Oyo,Rainy,September,29.4,249.2,Medium,Good,NPK,Medium,Early,275,275,June,Mid June
Tomato,Enugu,Rainy,October,28.5,82.5,High,Poor,Organic Manure,Medium,Optimal,86,90,January,Mid January
Maize,Kaduna,Rainy,June,27.3,102.6,Medium,Fair,Urea,High,Late,98,114,October,Early October
Tomato,Oyo,Dry,November,27.7,47.5,Low,Poor,No Fertilizer,Medium,Optimal,80,95,February,Mid February
Maize,Taraba,Rainy,May,32.3,167.7,Medium,Fair,NPK,Low,Optimal,109,110,September,Early September
Tomato,Plateau,Rainy,July,20.5,231.8,Low,Good,NPK,Medium,Optimal,78,90,October,Mid October
Tomato,Kano,Rainy,August,31.5,153.4,Medium,Good,NPK,High,Optimal,85,89,November,Mid November
Ewedu,Ondo,Rainy,April,25.6,276.2,High,Good,Organic Manure,Medium,Late,43,45,May,Late May
Yam,Oyo,Dry,January,23.5,5.0,Low,Fair,Organic Manure,Low,Early,190,202,August,Early August
Maize,Plateau,Rainy,August,23.5,126.4,Medium,Fair,Organic Manure,High,Optimal,86,93,November,Mid November
Cassava,Oyo,Rainy,September,27.8,150.3,Medium,Fair,Organic Manure,Medium,Optimal,317,331,August,Mid August
Maize,Benue,Rainy,June,25.7,184.0,High,Good,NPK,Medium,Optimal,101,98,September,Late September
Ewedu,Taraba,Dry,January,25.0,28.3,Low,Good,Urea,Medium,Optimal,35,39,February,Late February
Tomato,Plateau,Dry,December,21.3,18.4,Low,Good,NPK,Medium,Optimal,99,109,April,Early April
Maize,Benue,Dry,March,35.2,5.0,Low,Poor,Urea,Medium,Optimal,94,112,July,Early July
Tomato,Plateau,Rainy,August,23.4,264.7,High,Good,Urea,High,Optimal,84,94,November,Mid November
Yam,Benue,Rainy,April,27.6,217.7,High,Good,Organic Manure,High,Optimal,221,246,December,Mid December
Ewedu,Ondo,Rainy,March,24.4,210.2,High,Poor,NPK,Medium,Optimal,31,31,April,Mid April
Yam,Benue,Rainy,April,28.6,262.7,High,Good,Organic Manure,High,Early,223,245,December,Mid December
Tomato,Oyo,Rainy,July,28.3,205.4,High,Fair,NPK,Medium,Late,99,107,October,Late October
Yam,Ondo,Rainy,March,26.1,217.7,High,Poor,Organic Manure,Low,Optimal,193,197,September,Late September
Cassava,Enugu,Dry,November,31.1,21.6,Medium,Fair,Urea,Low,Optimal,284,288,August,Late August
Tomato,Kaduna,Rainy,July,29.1,208.8,Medium,Good,Organic Manure,Medium,Optimal,85,82,October,Early October
Ewedu,Enugu,Rainy,October,30.3,238.7,Low,Poor,No Fertilizer,Low,Optimal,34,41,November,Late November
Ewedu,Oyo,Rainy,June,30.0,191.6,Medium,Poor,Organic Manure,Low,Optimal,41,39,July,Late July
Ewedu,Oyo,Rainy,June,28.0,196.7,High,Good,Organic Manure,Low,Late,34,35,July,Mid July
Tomato,Kaduna,Rainy,June,31.9,157.8,High,Good,Organic Manure,Low,Late,77,78,September,Early September
Maize,Ogun,Rainy,May,26.6,323.4,High,Fair,Urea,Medium,Optimal,100,99,August,Late August
Yam,Niger,Dry,January,23.9,5.0,Low,Poor,Organic Manure,High,Early,256,291,November,Early November
Ewedu,Oyo,Rainy,April,27.5,221.5,Medium,Fair,Organic Manure,Low,Optimal,44,44,May,Late May
Cassava,Ogun,Rainy,June,28.3,205.9,Medium,Poor,NPK,Medium,Early,326,326,May,Early May
Cassava,Ogun,Rainy,October,28.1,195.2,High,Fair,Urea,Medium,Optimal,363,384,November,Early November
Tomato,Plateau,Dry,November,22.2,59.6,Low,Fair,Urea,Medium,Late,99,118,March,Mid March
Tomato,Oyo,Rainy,July,29.3,191.2,Low,Good,NPK,Medium,Optimal,93,97,October,Mid October
Maize,Benue,Rainy,August,31.3,129.3,High,Fair,Organic Manure,Low,Late,108,111,December,Early December
Maize,Enugu,Rainy,September,26.6,209.7,High,Good,Organic Manure,Low,Early,85,85,December,Early December
Ewedu,Kaduna,Rainy,May,26.0,184.7,Medium,Good,Organic Manure,Low,Optimal,35,35,June,Mid June
Cassava,Benue,Rainy,May,31.3,180.6,Low,Fair,NPK,Medium,Optimal,273,272,February,Mid February
Yam,Niger,Rainy,April,34.0,161.4,High,Good,No Fertilizer,Medium,Early,191,199,October,Late October
Yam,Benue,Dry,January,24.2,63.0,Low,Fair,No Fertilizer,Medium,Late,269,291,November,Early November
Yam,Taraba,Dry,March,30.1,35.1,Medium,Poor,No Fertilizer,Medium,Optimal,263,290,December,Late December
Ewedu,Ondo,Dry,December,26.6,11.0,Low,Fair,Organic Manure,High,Optimal,42,49,February,Early February
Cassava,Oyo,Rainy,April,25.4,257.0,High,Good,Organic Manure,Medium,Optimal,293,275,January,Mid January
Cassava,Oyo,Rainy,June,28.3,152.1,Low,Poor,No Fertilizer,Medium,Optimal,291,327,May,Early May
Maize,Niger,Rainy,June,29.9,103.2,High,Good,NPK,High,Optimal,105,121,October,Mid October
Tomato,Plateau,Dry,October,26.2,8.3,Medium,Poor,No Fertilizer,High,Optimal,84,98,January,Late January
Maize,Ondo,Rainy,June,26.9,289.0,High,Good,Urea,Medium,Late,112,116,October,Early October
Cassava,Ondo,Rainy,October,21.0,265.9,Low,Good,Urea,Low,Optimal,288,278,July,Mid July
Tomato,Oyo,Rainy,October,29.8,176.1,Medium,Fair,NPK,Low,Optimal,80,80,January,Early January
Cassava,Ogun,Rainy,October,29.0,282.0,Medium,Poor,No Fertilizer,Medium,Optimal,349,382,November,Early November
Maize,Benue,Dry,March,36.2,36.9,Low,Fair,Urea,Low,Optimal,108,119,July,Mid July
Maize,Niger,Rainy,August,27.0,186.9,High,Fair,NPK,Medium,Optimal,100,105,November,Late November
Cassava,Oyo,Rainy,June,23.6,162.1,Low,Good,NPK,Medium,Optimal,299,288,March,Late March
Yam,Niger,Dry,December,27.7,33.9,Medium,Poor,Organic Manure,Low,Optimal,256,249,August,Late August
Cassava,Oyo,Rainy,April,25.1,164.5,High,Fair,Urea,Low,Optimal,301,307,February,Mid February
Yam,Oyo,Dry,December,27.0,5.0,Medium,Fair,Urea,High,Early,213,248,August,Mid August
Ewedu,Ogun,Rainy,March,24.7,198.1,High,Good,NPK,Medium,Optimal,38,38,April,Late April
Ewedu,Kaduna,Rainy,June,26.8,181.0,High,Fair,NPK,Low,Optimal,42,43,July,Late July
Yam,Benue,Dry,December,27.2,5.0,Low,Fair,Organic Manure,Low,Optimal,204,217,July,Mid July
Tomato,Oyo,Dry,December,27.4,31.3,Low,Good,NPK,Low,Optimal,94,100,March,Late March
Maize,Kano,Dry,April,35.3,17.8,Low,Good,Urea,High,Optimal,98,118,August,Mid August
Ewedu,Kano,Rainy,July,31.8,141.7,Medium,Fair,Urea,Medium,Optimal,40,42,August,Late August
Yam,Taraba,Rainy,April,29.7,199.0,High,Fair,Organic Manure,Low,Optimal,205,211,November,Mid November
Tomato,Plateau,Rainy,August,24.2,136.5,High,Fair,Urea,Medium,Late,99,102,November,Late November
Ewedu,Ondo,Rainy,May,28.0,282.6,Medium,Good,NPK,Low,Early,41,41,June,Late June
Ewedu,Benue,Rainy,September,30.2,79.9,Medium,Good,Urea,Low,Optimal,32,32,October,Mid October
Maize,Plateau,Rainy,June,24.5,233.2,Low,Fair,NPK,Medium,Optimal,98,98,September,Late September
Yam,Enugu,Dry,November,29.6,6.7,Medium,Good,NPK,Low,Early,243,238,July,Mid July
Tomato,Ogun,Dry,December,28.4,85.3,Medium,Fair,Urea,Medium,Optimal,76,83,March,Early March
Tomato,Benue,Rainy,October,30.1,176.8,High,Good,NPK,Low,Late,95,95,January,Mid January
Yam,Oyo,Dry,November,24.4,5.0,Low,Good,Organic Manure,Low,Optimal,258,282,August,Late August
Maize,Kaduna,Rainy,August,27.4,118.7,Medium,Fair,NPK,Low,Optimal,95,96,November,Mid November
Ewedu,Kaduna,Rainy,September,29.7,128.3,High,Poor,No Fertilizer,Low,Optimal,39,43,October,Late October
Tomato,Oyo,Dry,December,28.2,59.1,Low,Fair,Urea,Low,Early,75,83,March,Early March
Tomato,Plateau,Dry,October,22.6,19.9,Low,Fair,Urea,High,Optimal,82,97,January,Mid January
Tomato,Taraba,Dry,December,23.1,24.3,High,Good,NPK,Low,Optimal,83,76,March,Early March
Cassava,Benue,Rainy,October,28.9,256.5,High,Good,NPK,Low,Optimal,276,260,July,Early July
Yam,Ogun,Rainy,November,29.4,306.6,High,Good,NPK,Low,Late,210,218,June,Late June
Ewedu,Kaduna,Rainy,May,28.0,132.8,High,Good,NPK,Medium,Optimal,44,46,June,Late June
Tomato,Ogun,Rainy,August,29.8,171.7,Medium,Fair,NPK,Low,Optimal,85,86,November,Early November
Tomato,Enugu,Rainy,June,28.0,221.7,High,Good,NPK,High,Early,82,86,September,Early September
Maize,Kano,Dry,May,34.0,90.0,Low,Fair,Urea,Low,Optimal,87,81,August,Early August
Cassava,Ondo,Rainy,October,27.4,315.6,High,Fair,Urea,Medium,Optimal,337,345,September,Late September
Yam,Niger,Dry,March,31.7,12.7,Low,Good,No Fertilizer,Medium,Early,204,229,October,Late October
Ewedu,Kano,Rainy,July,29.8,60.0,Medium,Good,NPK,Medium,Late,34,36,August,Mid August
Tomato,Niger,Dry,February,27.9,86.5,Medium,Good,NPK,Low,Early,90,86,May,Mid May
Yam,Enugu,Dry,December,26.8,5.0,Medium,Good,NPK,High,Optimal,234,254,August,Late August
Yam,Oyo,Dry,January,28.2,7.8,Low,Fair,Urea,Low,Early,181,205,August,Early August
Maize,Oyo,Dry,February,30.1,23.5,Low,Good,No Fertilizer,High,Late,96,116,June,Early June
Yam,Ogun,Rainy,March,25.0,215.3,High,Poor,Urea,High,Late,233,273,December,Mid December
Maize,Niger,Rainy,August,32.1,225.1,Medium,Fair,No Fertilizer,Low,Early,99,99,November,Late November
Maize,Ondo,Rainy,May,26.8,232.8,High,Fair,Urea,Low,Optimal,119,114,September,Early September
Maize,Niger,Rainy,June,32.3,157.5,Low,Poor,Urea,Low,Optimal,92,93,September,Mid September
Cassava,Oyo,Rainy,October,28.0,209.2,Medium,Fair,NPK,High,Optimal,311,348,September,Late September
Cassava,Enugu,Rainy,October,28.0,137.7,Medium,Good,Urea,High,Optimal,339,370,October,Mid October
Tomato,Kaduna,Rainy,May,28.1,228.1,Medium,Good,NPK,High,Late,81,95,August,Mid August
Tomato,Plateau,Rainy,June,22.3,206.9,Low,Fair,Urea,High,Early,80,99,September,Late September
Maize,Ondo,Rainy,August,28.3,216.1,High,Fair,Urea,Low,Optimal,94,92,November,Mid November
Maize,Oyo,Rainy,April,28.1,162.8,Medium,Good,NPK,Medium,Optimal,111,115,August,Early August
Yam,Ogun,Rainy,April,29.5,243.4,Medium,Fair,Organic Manure,Low,Early,254,257,December,Late December
Tomato,Kaduna,Rainy,July,28.4,190.9,Medium,Fair,NPK,Medium,Optimal,80,84,October,Early October
Tomato,Kaduna,Dry,April,34.7,33.5,Low,Fair,Urea,Low,Late,88,101,July,Late July
Yam,Oyo,Rainy,March,27.1,201.9,High,Fair,No Fertilizer,Low,Optimal,228,243,November,Mid November
Tomato,Plateau,Dry,November,21.8,56.4,Low,Good,Urea,High,Optimal,92,106,March,Early March
Tomato,Ogun,Rainy,October,27.3,290.4,Medium,Fair,NPK,Low,Optimal,91,93,January,Mid January
Yam,Oyo,Rainy,April,26.4,122.3,Low,Fair,Urea,Medium,Optimal,238,242,December,Mid December
Cassava,Kaduna,Dry,April,32.5,14.7,Medium,Fair,NPK,Low,Early,272,278,January,Mid January
Maize,Oyo,Rainy,April,28.3,108.6,High,Fair,Urea,High,Optimal,87,99,July,Late July
Maize,Oyo,Rainy,August,28.2,206.3,Low,Fair,NPK,High,Optimal,99,102,November,Late November
Yam,Benue,Rainy,August,27.7,224.1,High,Fair,NPK,Low,Late,194,205,March,Early March
Cassava,Benue,Rainy,May,28.1,193.6,High,Poor,Urea,Medium,Late,335,354,May,Early May
Tomato,Plateau,Dry,December,19.4,9.3,Low,Good,NPK,Low,Optimal,81,82,March,Early March
Tomato,Taraba,Rainy,August,33.8,236.0,High,Fair,Urea,Medium,Optimal,84,98,November,Late November
Maize,Niger,Rainy,May,29.4,142.4,High,Fair,NPK,High,Optimal,117,132,September,Late September
Ewedu,Oyo,Rainy,July,28.0,209.8,Low,Good,NPK,Low,Optimal,35,37,August,Late August
Maize,Taraba,Dry,March,33.0,52.3,Low,Good,Urea,Medium,Early,89,99,June,Late June
Ewedu,Oyo,Rainy,March,24.4,132.0,Low,Good,Organic Manure,Medium,Optimal,43,46,April,Late April
Maize,Benue,Dry,March,35.7,48.9,Low,Fair,NPK,Low,Early,111,120,July,Mid July
Tomato,Oyo,Rainy,March,32.0,144.1,High,Fair,No Fertilizer,Low,Late,79,79,June,Early June
Tomato,Plateau,Dry,November,24.2,29.6,Low,Good,NPK,Low,Optimal,81,85,February,Early February
Cassava,Enugu,Rainy,June,31.9,197.4,Medium,Fair,Urea,Low,Early,304,307,April,Mid April
Cassava,Kaduna,Dry,October,27.9,18.3,Low,Fair,Urea,Medium,Optimal,328,333,September,Mid September
Tomato,Oyo,Rainy,May,25.8,169.6,High,Poor,NPK,Medium,Late,80,84,August,Early August
Maize,Oyo,Rainy,August,29.1,100.9,High,Fair,Urea,Low,Optimal,100,104,November,Late November
Cassava,Enugu,Dry,January,29.9,30.3,Low,Good,NPK,Low,Late,286,296,November,Early November
Cassava,Ogun,Rainy,October,23.0,225.2,Medium,Good,Urea,High,Optimal,353,385,November,Early November
Maize,Kano,Dry,March,40.0,5.0,Low,Fair,NPK,Medium,Optimal,106,117,July,Early July
Ewedu,Plateau,Rainy,September,21.8,214.5,High,Fair,Urea,Low,Late,33,33,October,Mid October
Yam,Oyo,Dry,November,29.8,5.7,Low,Good,NPK,Low,Optimal,226,243,July,Mid July
Ewedu,Enugu,Rainy,September,28.2,207.7,High,Good,NPK,Low,Optimal,42,40,October,Late October
Tomato,Taraba,Rainy,October,27.1,271.3,High,Poor,No Fertilizer,Low,Optimal,92,99,January,Late January
Tomato,Kano,Dry,December,24.5,45.2,Medium,Poor,No Fertilizer,Low,Optimal,96,108,April,Early April
Ewedu,Plateau,Dry,March,27.4,10.1,Low,Good,NPK,High,Optimal,42,50,May,Early May
Cassava,Ondo,Rainy,April,24.9,238.4,High,Good,NPK,Low,Optimal,351,334,March,Mid March
Cassava,Taraba,Dry,December,26.8,5.0,Low,Good,Organic Manure,High,Early,307,331,November,Mid November
Cassava,Benue,Dry,March,35.7,19.5,Low,Fair,Urea,Low,Optimal,362,364,March,Mid March
Yam,Oyo,Dry,February,27.2,5.0,Low,Good,Organic Manure,High,Late,214,252,October,Late October
Ewedu,Oyo,Rainy,June,30.7,146.5,Medium,Good,NPK,Low,Optimal,35,33,July,Mid July
Cassava,Benue,Rainy,September,28.9,179.2,High,Fair,Urea,Medium,Optimal,305,330,August,Mid August
Tomato,Plateau,Dry,February,22.7,26.7,Medium,Fair,Organic Manure,Low,Optimal,93,93,May,Mid May
Ewedu,Oyo,Rainy,April,32.0,207.1,Medium,Poor,No Fertilizer,Low,Optimal,31,36,May,Late May
Ewedu,Plateau,Dry,March,28.3,38.1,Low,Poor,No Fertilizer,Low,Optimal,41,52,May,Early May
Maize,Enugu,Rainy,August,28.9,273.5,High,Good,NPK,Medium,Optimal,90,91,November,Mid November
Yam,Niger,Dry,December,29.2,33.9,Low,Poor,Urea,High,Optimal,195,235,August,Early August
Maize,Plateau,Dry,March,27.3,34.7,Low,Good,NPK,Medium,Early,117,119,July,Mid July
Maize,Ondo,Dry,January,28.1,26.5,High,Fair,Organic Manure,High,Optimal,116,132,May,Late May
Ewedu,Benue,Rainy,May,32.0,183.3,High,Good,Organic Manure,High,Late,41,44,June,Late June
Ewedu,Kano,Dry,November,28.5,9.4,Low,Poor,Organic Manure,Medium,Late,34,38,December,Late December
Tomato,Plateau,Rainy,July,22.6,131.7,High,Good,Organic Manure,Low,Optimal,98,92,October,Mid October
Yam,Oyo,Rainy,September,28.3,205.0,High,Fair,Organic Manure,High,Late,214,238,May,Mid May
Ewedu,Niger,Rainy,September,31.2,218.9,High,Good,Organic Manure,Medium,Optimal,42,44,October,Late October
Ewedu,Kano,Rainy,August,28.0,109.4,Medium,Good,NPK,Medium,Optimal,40,40,September,Late September
Yam,Benue,Dry,December,24.9,5.3,Low,Good,Organic Manure,Medium,Optimal,243,253,August,Late August
Maize,Oyo,Rainy,April,29.1,133.5,High,Fair,Urea,Medium,Optimal,94,99,July,Late July
Tomato,Kaduna,Dry,December,25.0,37.6,Low,Poor,Organic Manure,High,Optimal,94,109,April,Early April
Yam,Enugu,Rainy,April,31.3,189.3,High,Fair,Urea,Low,Optimal,203,208,November,Early November
Ewedu,Niger,Dry,February,30.9,5.0,Low,Good,Organic Manure,Low,Early,40,40,March,Late March
Cassava,Ogun,Rainy,April,29.0,211.4,Medium,Good,Urea,High,Optimal,354,387,May,Early May
Tomato,Oyo,Rainy,June,27.7,173.9,High,Fair,Urea,High,Early,89,101,September,Late September
Tomato,Kaduna,Dry,March,34.9,48.8,Low,Fair,Urea,Medium,Early,100,122,July,Mid July
Ewedu,Taraba,Rainy,June,26.7,169.0,High,Fair,Urea,Low,Optimal,30,32,July,Mid July
Maize,Ondo,Rainy,August,26.2,166.0,Medium,Good,Organic Manure,Medium,Optimal,108,106,November,Late November
Ewedu,Kano,Dry,October,31.1,35.9,Medium,Fair,NPK,Medium,Late,31,35,November,Mid November
Cassava,Benue,Rainy,October,30.7,236.6,Medium,Good,Organic Manure,Low,Early,324,320,August,Late August
Tomato,Kaduna,Dry,October,28.8,22.1,Low,Fair,NPK,Low,Optimal,90,105,January,Late January
Ewedu,Ondo,Rainy,April,26.4,186.6,High,Good,NPK,Low,Optimal,39,37,May,Late May
Cassava,Oyo,Rainy,May,28.9,100.5,High,Fair,NPK,Low,Optimal,290,298,March,Early March
Maize,Oyo,Rainy,August,29.2,226.1,High,Fair,NPK,Low,Optimal,87,90,November,Mid November
Maize,Niger,Rainy,June,33.8,149.7,High,Fair,No Fertilizer,Low,Optimal,109,111,October,Early October
Ewedu,Kano,Dry,April,36.7,5.0,Low,Good,Organic Manure,Medium,Early,38,46,May,Late May
Ewedu,Ondo,Rainy,September,29.2,188.5,Low,Fair,NPK,High,Late,32,42,October,Late October
Yam,Oyo,Rainy,August,30.5,270.8,High,Fair,No Fertilizer,High,Late,196,225,March,Late March
Yam,Benue,Dry,January,30.3,27.5,Low,Poor,NPK,High,Optimal,255,308,November,Mid November
Ewedu,Niger,Rainy,June,32.6,210.6,Low,Fair,NPK,Medium,Optimal,42,46,July,Late July
Ewedu,Niger,Rainy,August,30.3,197.6,Low,Fair,NPK,Low,Optimal,37,38,September,Late September
Ewedu,Plateau,Rainy,September,22.7,120.5,Medium,Fair,Urea,High,Optimal,44,50,November,Early November
Tomato,Plateau,Dry,October,26.4,11.0,Low,Good,Organic Manure,Medium,Early,76,86,January,Early January
Tomato,Oyo,Rainy,August,28.1,174.7,Medium,Good,Urea,Medium,Optimal,77,82,November,Early November
Yam,Ogun,Dry,January,26.5,53.6,Low,Fair,Urea,Low,Optimal,239,270,October,Mid October
Tomato,Ogun,Rainy,November,27.1,217.5,Medium,Fair,Urea,Medium,Optimal,93,97,February,Mid February
Maize,Kano,Dry,March,38.6,90.0,Medium,Poor,Urea,Medium,Optimal,86,94,June,Mid June
Maize,Kaduna,Rainy,August,28.7,194.4,High,Fair,Urea,Medium,Late,119,131,December,Late December
Tomato,Enugu,Rainy,October,28.5,201.8,High,Good,Organic Manure,Low,Optimal,77,72,December,Late December
Ewedu,Plateau,Rainy,June,22.9,161.4,High,Fair,NPK,Medium,Optimal,31,32,July,Mid July
Tomato,Kano,Dry,April,35.7,15.8,Low,Fair,NPK,Medium,Late,82,98,July,Late July
Cassava,Ogun,Rainy,May,26.9,197.4,Medium,Fair,NPK,Low,Early,298,306,March,Mid March
Ewedu,Kano,Dry,March,36.1,7.4,Low,Good,NPK,Low,Optimal,35,39,April,Late April
Yam,Oyo,Dry,January,25.2,5.9,Low,Good,Organic Manure,Medium,Optimal,253,266,October,Early October
Tomato,Enugu,Dry,December,25.8,50.0,Low,Fair,Urea,Medium,Optimal,79,86,March,Mid March
Maize,Plateau,Rainy,August,23.2,156.8,High,Fair,NPK,Medium,Optimal,96,101,November,Late November
Ewedu,Ondo,Rainy,May,27.8,258.1,High,Fair,NPK,Low,Optimal,38,36,June,Mid June
Maize,Oyo,Rainy,August,28.9,149.8,Low,Fair,NPK,High,Optimal,95,102,November,Late November
Cassava,Enugu,Dry,March,32.0,15.4,Low,Good,NPK,High,Optimal,299,315,January,Late January
Cassava,Oyo,Rainy,April,24.1,219.4,High,Fair,Urea,High,Early,333,383,May,Early May
Cassava,Niger,Rainy,May,31.1,189.1,High,Good,NPK,Medium,Optimal,300,305,March,Mid March
Maize,Enugu,Rainy,June,29.0,156.7,High,Fair,No Fertilizer,Low,Optimal,102,101,September,Late September
Tomato,Enugu,Rainy,June,28.7,286.7,High,Good,NPK,Low,Optimal,87,84,September,Early September
Ewedu,Niger,Dry,March,36.9,49.1,Low,Good,NPK,Low,Optimal,36,38,April,Late April
Yam,Niger,Dry,January,23.0,35.9,Low,Fair,Organic Manure,Low,Early,191,205,August,Early August
Tomato,Enugu,Dry,November,26.5,21.6,Low,Fair,Urea,Medium,Optimal,87,93,February,Mid February
Yam,Niger,Dry,February,31.4,20.1,Low,Fair,Urea,High,Optimal,213,253,October,Late October
Ewedu,Benue,Rainy,June,30.7,129.4,Medium,Good,NPK,Medium,Optimal,34,34,July,Mid July
Maize,Plateau,Dry,October,22.2,43.7,Low,Fair,Urea,Medium,Late,95,100,January,Late January
Cassava,Ondo,Rainy,June,25.3,257.4,Medium,Fair,Organic Manure,Medium,Optimal,306,308,April,Mid April
Yam,Enugu,Dry,December,28.7,5.0,Medium,Fair,No Fertilizer,Low,Optimal,230,232,August,Early August
Ewedu,Ogun,Rainy,March,28.6,248.4,High,Good,NPK,Medium,Optimal,33,31,April,Mid April
Tomato,Niger,Rainy,June,31.0,158.6,High,Fair,NPK,Low,Optimal,81,82,September,Early September
Maize,Benue,Rainy,September,30.7,248.4,High,Good,NPK,Low,Late,90,92,December,Mid December
Cassava,Oyo,Rainy,May,24.5,168.7,Medium,Poor,No Fertilizer,Medium,Early,279,320,March,Late March
Ewedu,Benue,Rainy,May,30.0,158.0,High,Poor,Urea,High,Optimal,44,48,July,Early July
Maize,Plateau,Rainy,April,19.2,99.6,High,Fair,NPK,Low,Early,112,112,August,Early August
Ewedu,Kaduna,Dry,December,21.8,14.1,Low,Good,Urea,Medium,Early,39,46,January,Late January
Tomato,Taraba,Rainy,August,27.8,153.0,Medium,Good,Organic Manure,Medium,Optimal,88,86,November,Early November
Yam,Enugu,Dry,February,30.1,17.8,Low,Good,Organic Manure,Medium,Early,225,250,October,Late October
Cassava,Enugu,Rainy,October,25.0,287.6,High,Fair,No Fertilizer,Low,Optimal,350,336,September,Mid September
Tomato,Ondo,Rainy,November,26.7,258.7,Medium,Good,NPK,Medium,Late,82,81,February,Early February
Maize,Ondo,Rainy,June,26.5,196.6,High,Fair,NPK,Low,Optimal,113,117,October,Early October
Ewedu,Oyo,Rainy,September,27.1,209.6,High,Poor,No Fertilizer,Medium,Late,34,39,October,Late October
Yam,Oyo,Dry,February,29.5,66.2,Low,Good,Organic Manure,Low,Early,215,241,October,Mid October
Tomato,Enugu,Rainy,July,28.9,268.3,Medium,Fair,NPK,Low,Optimal,94,92,October,Mid October
Ewedu,Plateau,Rainy,July,21.1,217.7,High,Fair,No Fertilizer,Low,Optimal,34,34,August,Mid August
Cassava,Ogun,Rainy,March,30.6,269.3,High,Fair,Urea,Low,Optimal,300,302,January,Mid January
Yam,Benue,Rainy,April,31.0,144.2,High,Poor,No Fertilizer,Medium,Late,267,321,March,Early March
Yam,Taraba,Dry,March,34.6,90.0,Low,Fair,Urea,Medium,Optimal,208,234,November,Early November
Yam,Benue,Dry,November,28.9,14.6,Low,Fair,NPK,Low,Optimal,203,215,June,Mid June
Maize,Oyo,Rainy,April,30.0,174.0,Medium,Fair,NPK,Medium,Optimal,118,119,August,Mid August
Tomato,Ogun,Rainy,March,25.7,175.7,High,Good,NPK,Medium,Late,99,104,June,Late June
Cassava,Oyo,Rainy,April,28.4,60.4,Medium,Fair,Urea,Low,Early,293,308,February,Mid February
Ewedu,Ogun,Rainy,May,27.1,262.1,Medium,Good,NPK,Low,Optimal,39,39,June,Late June
Yam,Oyo,Dry,November,26.5,12.9,Low,Good,Organic Manure,Low,Late,260,298,September,Early September
Yam,Benue,Dry,March,36.0,7.9,Low,Fair,NPK,Low,Optimal,197,228,October,Late October
Maize,Enugu,Rainy,May,27.8,162.5,High,Fair,NPK,Low,Optimal,100,101,August,Late August
Yam,Oyo,Dry,November,31.3,8.5,Low,Poor,No Fertilizer,Medium,Optimal,224,284,August,Late August
Ewedu,Ondo,Rainy,March,24.3,193.1,Low,Fair,Urea,High,Optimal,32,38,April,Late April
Cassava,Kaduna,Dry,March,35.1,10.5,Low,Fair,NPK,Medium,Optimal,340,347,February,Late February
Ewedu,Oyo,Rainy,July,29.2,204.0,High,Good,NPK,Low,Early,42,44,August,Late August
Yam,Enugu,Dry,December,28.0,57.2,Low,Good,Organic Manure,High,Optimal,216,242,August,Mid August
Cassava,Enugu,Rainy,September,29.7,218.0,High,Poor,NPK,Low,Early,314,307,July,Mid July
Cassava,Ogun,Rainy,March,30.5,252.1,Medium,Good,Organic Manure,Medium,Late,273,285,December,Late December
Tomato,Taraba,Rainy,October,32.2,101.5,High,Fair,NPK,Low,Optimal,98,99,January,Late January
Maize,Ondo,Rainy,April,23.8,208.8,High,Fair,NPK,Medium,Optimal,87,89,July,Mid July
Yam,Benue,Dry,March,33.5,15.3,Low,Good,Organic Manure,Low,Optimal,200,199,September,Late September
Yam,Enugu,Dry,March,33.2,21.5,Medium,Poor,NPK,Low,Early,212,214,October,Mid October
Tomato,Niger,Rainy,August,31.0,75.1,High,Fair,NPK,Medium,Optimal,84,86,November,Early November
Tomato,Taraba,Rainy,August,27.4,226.7,High,Good,NPK,Low,Optimal,80,77,October,Late October
Cassava,Ondo,Rainy,July,25.7,303.0,High,Fair,Urea,Medium,Optimal,291,298,May,Early May
Maize,Ogun,Rainy,August,29.9,204.2,Medium,Poor,NPK,Medium,Optimal,114,114,December,Early December
Tomato,Taraba,Rainy,June,24.5,198.5,Low,Fair,NPK,Low,Optimal,78,86,September,Early September
Maize,Ondo,Rainy,June,27.6,267.7,High,Good,Organic Manure,Medium,Late,104,106,September,Late September
Tomato,Niger,Rainy,June,29.3,120.9,High,Fair,Organic Manure,Low,Optimal,91,90,September,Mid September
Cassava,Ondo,Rainy,June,27.4,267.6,Medium,Fair,No Fertilizer,High,Optimal,338,360,June,Early June
Ewedu,Niger,Rainy,May,29.0,184.5,Low,Fair,NPK,High,Early,44,50,July,Early July
Maize,Taraba,Rainy,May,27.4,190.1,High,Fair,Organic Manure,Low,Early,97,92,August,Mid August
Yam,Benue,Dry,March,36.1,44.8,Low,Good,NPK,Medium,Early,253,276,December,Mid December
Ewedu,Ogun,Rainy,March,30.2,204.1,High,Good,NPK,Low,Optimal,35,34,April,Mid April
Tomato,Plateau,Rainy,June,26.4,156.4,Low,Fair,Organic Manure,Low,Optimal,91,97,September,Mid September
Maize,Taraba,Rainy,May,27.3,163.0,High,Good,NPK,Low,Late,114,113,September,Early September
Yam,Taraba,Dry,February,28.3,5.0,High,Poor,NPK,Low,Optimal,259,270,November,Mid November
Tomato,Plateau,Dry,March,24.8,17.5,Low,Fair,No Fertilizer,Medium,Late,93,107,June,Late June
Tomato,Taraba,Rainy,June,28.9,211.2,Low,Poor,No Fertilizer,Low,Late,91,112,October,Early October
Tomato,Enugu,Dry,December,25.5,18.9,Low,Fair,No Fertilizer,High,Optimal,92,119,April,Mid April
Maize,Taraba,Rainy,April,27.6,166.6,Medium,Poor,NPK,Medium,Early,114,116,August,Early August
Tomato,Plateau,Dry,December,22.2,14.1,High,Fair,Organic Manure,High,Late,84,96,March,Late March
Yam,Ogun,Rainy,November,27.4,238.9,High,Poor,No Fertilizer,High,Optimal,256,321,October,Early October
Cassava,Enugu,Dry,November,24.0,9.2,Low,Fair,Organic Manure,Low,Late,324,335,October,Mid October
Yam,Taraba,Rainy,October,28.3,247.8,High,Poor,NPK,Medium,Late,211,236,June,Early June
Tomato,Plateau,Rainy,June,25.1,221.3,High,Good,Organic Manure,Low,Optimal,99,98,September,Late September
Ewedu,Niger,Rainy,May,29.4,175.8,Medium,Good,NPK,Medium,Late,40,40,June,Late June
Cassava,Benue,Dry,March,32.7,69.7,Low,Good,NPK,Medium,Optimal,287,291,December,Late December
Cassava,Benue,Rainy,June,27.7,213.3,High,Fair,Organic Manure,High,Optimal,299,301,April,Mid April
Cassava,Ogun,Dry,February,30.0,5.0,Medium,Fair,Urea,Low,Late,286,305,December,Mid December
Tomato,Oyo,Rainy,March,27.4,157.2,High,Fair,Organic Manure,Medium,Early,75,75,May,Late May
Yam,Niger,Dry,January,28.4,5.0,Low,Poor,Urea,Medium,Late,201,244,September,Mid September
Tomato,Niger,Rainy,August,31.1,156.4,Low,Fair,Urea,Low,Optimal,98,104,November,Late November
Ewedu,Oyo,Dry,December,25.8,5.0,Low,Fair,Urea,Medium,Late,39,44,January,Late January
Yam,Benue,Rainy,April,29.9,179.3,High,Fair,Organic Manure,Low,Early,251,266,January,Early January
Yam,Taraba,Dry,February,28.3,22.2,Low,Poor,Organic Manure,Medium,Optimal,216,247,October,Mid October
Tomato,Enugu,Rainy,October,28.8,229.9,Medium,Poor,Organic Manure,Low,Optimal,82,80,January,Early January
Maize,Plateau,Dry,November,24.9,58.6,Low,Fair,NPK,Low,Late,98,98,February,Late February
Ewedu,Enugu,Rainy,July,28.9,264.5,High,Fair,NPK,Medium,Late,42,45,August,Late August
Tomato,Benue,Rainy,August,28.7,155.5,Low,Fair,NPK,High,Optimal,95,105,November,Late November
Ewedu,Kaduna,Rainy,July,27.2,188.0,High,Poor,Organic Manure,Medium,Early,31,30,August,Mid August
Maize,Ondo,Dry,December,20.3,10.2,Low,Poor,No Fertilizer,Low,Late,99,106,March,Late March
Maize,Ogun,Rainy,September,25.5,229.9,Low,Good,No Fertilizer,Medium,Late,105,110,January,Early January
Cassava,Enugu,Rainy,September,30.0,202.3,High,Poor,Urea,Medium,Optimal,295,303,July,Mid July
Maize,Oyo,Rainy,April,26.2,116.2,Medium,Good,NPK,Medium,Optimal,109,114,August,Early August
Ewedu,Taraba,Rainy,May,27.0,203.6,Medium,Good,NPK,High,Optimal,34,35,June,Mid June
Yam,Benue,Rainy,April,28.2,153.6,Medium,Fair,Organic Manure,Medium,Optimal,217,229,November,Late November
Ewedu,Kano,Rainy,September,27.9,128.2,Low,Fair,NPK,Medium,Optimal,42,46,October,Late October
Maize,Kaduna,Rainy,May,26.3,142.6,High,Good,NPK,High,Optimal,111,121,September,Mid September
Tomato,Kano,Rainy,June,27.9,88.0,High,Fair,Organic Manure,Medium,Early,100,104,September,Late September
Maize,Kaduna,Rainy,August,29.9,239.8,Medium,Fair,Organic Manure,Low,Early,115,114,December,Early December
Tomato,Ondo,Rainy,November,24.0,188.4,High,Fair,Organic Manure,Medium,Late,86,93,February,Mid February
Ewedu,Ondo,Rainy,April,28.5,162.8,Medium,Good,Organic Manure,High,Optimal,43,48,June,Early June
Ewedu,Taraba,Rainy,April,29.5,246.1,High,Fair,NPK,High,Optimal,30,33,May,Mid May
Yam,Ondo,Rainy,May,25.5,217.0,High,Good,NPK,Medium,Late,249,274,February,Mid February
Ewedu,Plateau,Dry,January,19.3,5.0,Low,Fair,Organic Manure,Medium,Optimal,32,36,February,Mid February
Ewedu,Ogun,Rainy,July,29.4,265.6,Medium,Good,NPK,Medium,Optimal,39,41,August,Late August
Ewedu,Kano,Rainy,June,31.3,185.2,Medium,Poor,Organic Manure,Low,Late,36,38,July,Late July
Yam,Benue,Rainy,July,28.6,220.3,High,Poor,No Fertilizer,Medium,Late,201,243,March,Mid March
Tomato,Benue,Dry,December,29.5,6.2,Low,Poor,Urea,High,Optimal,76,94,March,Mid March
Tomato,Kaduna,Dry,January,24.5,47.3,Low,Good,NPK,Low,Late,76,78,April,Early April
Maize,Taraba,Dry,March,31.5,16.3,Medium,Fair,No Fertilizer,Low,Optimal,118,122,July,Mid July
Cassava,Ogun,Rainy,May,27.0,133.8,Medium,Fair,NPK,High,Optimal,271,300,March,Mid March
Tomato,Ondo,Rainy,October,26.7,250.9,Medium,Fair,NPK,Low,Optimal,86,85,January,Early January
Yam,Enugu,Dry,November,26.4,8.8,Low,Fair,Urea,Low,Optimal,240,260,August,Early August
Ewedu,Plateau,Dry,December,20.3,20.7,Medium,Fair,NPK,Medium,Late,38,43,January,Late January
Yam,Oyo,Dry,November,25.2,62.3,Low,Good,Organic Manure,Low,Optimal,217,230,July,Early July
Ewedu,Oyo,Rainy,May,29.0,162.0,High,Fair,Urea,Medium,Optimal,34,37,June,Late June
Cassava,Benue,Dry,December,27.4,57.6,Medium,Good,Organic Manure,High,Late,345,392,January,Mid January
Ewedu,Ondo,Rainy,April,29.3,242.3,High,Good,NPK,Low,Optimal,30,30,May,Mid May
Maize,Taraba,Rainy,May,26.9,148.0,Low,Good,NPK,Low,Early,108,104,August,Late August
Maize,Benue,Rainy,May,33.1,239.9,High,Poor,No Fertilizer,Low,Early,104,111,September,Early September
Cassava,Ogun,Rainy,September,26.2,208.0,High,Poor,No Fertilizer,Low,Optimal,279,290,July,Early July
Maize,Kaduna,Dry,March,34.0,12.9,Medium,Fair,Organic Manure,Medium,Optimal,111,113,July,Early July
Cassava,Ogun,Rainy,March,28.2,166.6,Medium,Good,Organic Manure,High,Optimal,271,289,December,Late December
Tomato,Kaduna,Dry,November,30.4,79.0,Low,Fair,Organic Manure,Medium,Optimal,89,96,February,Mid February
Tomato,Taraba,Dry,November,26.9,19.9,Medium,Fair,Organic Manure,High,Late,84,92,February,Mid February
Ewedu,Oyo,Rainy,May,25.4,262.7,High,Good,Organic Manure,Medium,Optimal,34,33,June,Mid June
Tomato,Taraba,Dry,November,27.4,5.0,Low,Fair,NPK,Medium,Late,79,88,February,Mid February
Yam,Benue,Dry,November,30.5,19.0,Medium,Fair,Organic Manure,Medium,Early,259,261,August,Early August
Yam,Ogun,Rainy,November,29.6,188.2,High,Good,NPK,Low,Optimal,241,234,July,Early July
Cassava,Niger,Rainy,April,28.2,223.7,High,Good,Organic Manure,Medium,Late,283,296,February,Early February
Ewedu,Benue,Rainy,June,30.6,265.4,High,Poor,Organic Manure,Low,Late,41,43,July,Late July
Cassava,Oyo,Rainy,September,29.2,211.3,Medium,Poor,Organic Manure,Medium,Optimal,317,335,August,Mid August
Cassava,Niger,Rainy,September,32.8,151.8,High,Good,NPK,Medium,Optimal,329,319,July,Late July
Tomato,Enugu,Rainy,August,28.1,228.7,High,Fair,Urea,High,Optimal,78,89,November,Mid November
Ewedu,Plateau,Dry,March,26.3,19.5,Low,Good,NPK,Low,Optimal,31,33,April,Mid April
Maize,Taraba,Rainy,June,32.6,209.6,High,Fair,Organic Manure,Medium,Optimal,114,113,October,Early October
Maize,Ogun,Rainy,November,27.7,198.5,High,Fair,NPK,High,Optimal,109,118,March,Mid March
Maize,Ogun,Rainy,May,25.8,262.6,High,Good,Organic Manure,High,Early,113,125,September,Mid September
Tomato,Ondo,Dry,December,28.4,11.3,Low,Good,NPK,Medium,Optimal,91,97,March,Late March
Maize,Enugu,Rainy,June,26.3,203.3,High,Good,Urea,Medium,Optimal,110,109,October,Early October
Maize,Plateau,Dry,March,29.0,60.6,High,Good,NPK,Low,Optimal,86,83,June,Early June
Maize,Oyo,Rainy,April,28.0,229.5,High,Good,NPK,High,Optimal,97,107,July,Late July
Cassava,Ogun,Rainy,June,26.0,298.3,Low,Poor,NPK,Low,Optimal,342,323,May,Early May
Maize,Ondo,Rainy,March,25.1,257.3,High,Fair,Organic Manure,Medium,Optimal,119,118,July,Mid July
Ewedu,Taraba,Rainy,May,27.4,172.5,High,Good,Organic Manure,Low,Optimal,35,32,June,Mid June
Tomato,Plateau,Dry,December,20.0,26.8,Medium,Fair,NPK,Medium,Optimal,100,98,March,Late March
Ewedu,Plateau,Rainy,September,22.0,153.2,High,Fair,Urea,Medium,Optimal,43,44,October,Late October
Yam,Benue,Dry,November,26.8,26.9,Medium,Fair,Urea,Low,Optimal,220,213,June,Mid June
Maize,Oyo,Rainy,June,27.3,203.0,Medium,Poor,No Fertilizer,Low,Early,113,126,October,Mid October
Tomato,Enugu,Dry,January,27.4,77.3,Low,Fair,NPK,Medium,Early,79,93,April,Mid April
Maize,Ogun,Rainy,March,26.8,144.1,Medium,Good,NPK,Low,Optimal,97,98,June,Late June
Maize,Kano,Rainy,July,29.5,61.6,High,Fair,Organic Manure,Medium,Late,91,94,October,Mid October
Cassava,Ondo,Rainy,March,28.5,251.1,High,Poor,No Fertilizer,Medium,Optimal,327,348,February,Late February
Tomato,Plateau,Rainy,September,23.6,241.2,High,Fair,NPK,Low,Early,84,84,December,Early December
Yam,Ogun,Dry,February,30.3,5.0,Low,Good,Organic Manure,Low,Late,231,256,October,Late October
Maize,Plateau,Rainy,June,24.7,160.3,High,Poor,Organic Manure,Low,Early,90,89,September,Mid September
Maize,Ogun,Rainy,August,31.3,162.6,High,Good,NPK,Low,Early,88,88,November,Mid November
Maize,Benue,Rainy,April,30.6,185.4,High,Good,No Fertilizer,Medium,Optimal,107,108,August,Early August
Tomato,Oyo,Rainy,August,29.1,220.6,High,Good,NPK,Low,Optimal,82,80,November,Early November
Cassava,Kaduna,Dry,March,32.0,5.0,Medium,Fair,Urea,Medium,Optimal,309,333,February,Mid February
Tomato,Taraba,Dry,January,26.0,68.7,Low,Fair,Organic Manure,Low,Late,92,109,May,Early May
Yam,Niger,Dry,March,34.8,75.2,Medium,Fair,No Fertilizer,Low,Optimal,182,179,September,Early September
Yam,Ondo,Dry,February,28.8,5.0,Medium,Fair,NPK,High,Optimal,220,237,October,Early October
Yam,Benue,Dry,February,32.8,5.0,Low,Poor,Organic Manure,High,Early,234,274,November,Mid November
Maize,Plateau,Rainy,May,24.7,181.8,High,Fair,NPK,Low,Optimal,87,84,August,Early August
Tomato,Enugu,Rainy,August,29.5,228.8,High,Poor,Urea,High,Early,90,101,November,Late November
Cassava,Niger,Rainy,September,29.2,229.6,High,Fair,Organic Manure,High,Late,330,375,September,Late September
Ewedu,Plateau,Rainy,August,24.1,255.6,Low,Good,Organic Manure,Medium,Optimal,36,38,September,Late September
Tomato,Ondo,Rainy,June,28.3,187.0,Medium,Fair,NPK,Medium,Optimal,91,95,September,Mid September
Tomato,Ogun,Rainy,June,25.4,238.2,Low,Fair,NPK,Low,Late,76,88,September,Mid September
Tomato,Enugu,Rainy,June,29.7,140.5,High,Good,NPK,Medium,Optimal,92,92,September,Mid September
Ewedu,Taraba,Rainy,September,28.3,143.8,High,Fair,NPK,High,Optimal,32,36,October,Late October
Tomato,Enugu,Rainy,June,27.8,185.8,High,Good,Urea,Medium,Optimal,85,87,September,Early September
Yam,Benue,Dry,November,24.7,12.1,Medium,Good,Organic Manure,Low,Optimal,256,261,August,Early August
Tomato,Taraba,Rainy,July,28.5,127.3,High,Poor,Organic Manure,High,Late,77,89,October,Mid October
Yam,Oyo,Rainy,March,26.9,240.6,Medium,Poor,NPK,High,Optimal,230,258,November,Late November
Maize,Ondo,Rainy,March,27.6,187.3,High,Fair,Urea,Low,Optimal,108,107,June,Late June
Maize,Plateau,Dry,March,29.0,5.0,Low,Fair,NPK,Medium,Optimal,91,92,June,Mid June
Yam,Benue,Dry,December,27.2,11.1,High,Fair,NPK,High,Late,269,312,October,Late October
Maize,Plateau,Rainy,June,23.5,180.0,High,Poor,No Fertilizer,High,Optimal,104,122,October,Mid October
Tomato,Niger,Dry,November,32.3,13.2,Low,Good,Organic Manure,Medium,Optimal,87,100,February,Late February
Maize,Ogun,Dry,February,27.1,10.2,Low,Poor,No Fertilizer,Medium,Late,91,107,June,Early June
Maize,Benue,Rainy,April,32.8,217.4,High,Fair,NPK,Medium,Optimal,96,94,July,Mid July
Tomato,Niger,Dry,December,25.5,5.0,Low,Poor,NPK,Medium,Early,79,89,March,Mid March
Cassava,Benue,Rainy,July,31.9,124.3,High,Poor,No Fertilizer,Low,Early,358,419,September,Early September
Ewedu,Kano,Dry,April,36.7,10.8,High,Good,No Fertilizer,Low,Late,42,47,June,Early June
Ewedu,Taraba,Rainy,August,28.6,182.3,Medium,Fair,NPK,Low,Optimal,33,31,September,Mid September
Yam,Oyo,Rainy,September,25.2,168.1,Medium,Fair,Organic Manure,High,Late,246,290,July,Early July
Cassava,Ogun,Rainy,June,30.8,146.4,Medium,Good,Organic Manure,Medium,Optimal,349,356,June,Early June
Maize,Ondo,Rainy,November,27.8,254.7,High,Good,Urea,Low,Early,90,89,February,Mid February
Ewedu,Enugu,Rainy,September,31.1,110.2,Medium,Fair,NPK,High,Early,36,40,October,Late October
Ewedu,Ogun,Rainy,July,27.8,242.9,High,Good,NPK,Low,Optimal,36,33,August,Mid August
Yam,Enugu,Dry,November,27.7,27.7,Low,Fair,NPK,Medium,Optimal,224,249,July,Late July
Tomato,Plateau,Rainy,June,20.0,147.7,Medium,Fair,Organic Manure,Low,Late,90,90,September,Mid September
Cassava,Ondo,Rainy,September,27.7,363.1,High,Good,NPK,Medium,Optimal,324,312,July,Late July
Yam,Ogun,Dry,December,27.2,5.0,Low,Good,Organic Manure,Low,Optimal,212,215,July,Mid July
Maize,Niger,Rainy,May,30.8,237.8,Medium,Fair,No Fertilizer,High,Optimal,94,103,August,Late August
Yam,Benue,Rainy,May,33.2,217.1,High,Fair,Urea,Low,Optimal,235,246,January,Mid January
Tomato,Taraba,Dry,November,26.5,7.6,Medium,Fair,Urea,Medium,Early,85,88,February,Mid February
Cassava,Niger,Rainy,August,30.9,285.5,High,Fair,Urea,Low,Late,297,310,June,Late June
Ewedu,Niger,Dry,March,34.6,8.4,Low,Fair,NPK,Low,Optimal,41,45,April,Late April
Cassava,Oyo,Rainy,March,27.6,154.9,High,Good,NPK,Medium,Optimal,329,331,February,Early February
Tomato,Enugu,Rainy,July,24.8,263.8,High,Fair,Organic Manure,High,Optimal,88,94,October,Mid October
Tomato,Plateau,Rainy,August,23.3,237.1,High,Fair,NPK,Low,Optimal,90,90,November,Mid November
Maize,Ogun,Rainy,August,27.2,284.0,High,Fair,NPK,Medium,Optimal,111,116,December,Early December
Maize,Plateau,Rainy,June,24.7,169.3,High,Fair,NPK,Low,Optimal,92,90,September,Mid September
Tomato,Oyo,Dry,December,24.5,20.2,Low,Good,NPK,Medium,Optimal,90,95,March,Mid March
Tomato,Taraba,Rainy,June,32.0,125.0,Low,Good,NPK,High,Early,77,84,September,Early September
Tomato,Enugu,Dry,December,26.7,8.3,Low,Poor,Urea,High,Late,85,108,April,Early April
Maize,Oyo,Dry,February,30.4,40.1,Low,Fair,NPK,Medium,Late,118,128,June,Late June
Cassava,Niger,Rainy,July,32.0,258.1,Medium,Fair,NPK,Medium,Early,335,351,July,Early July
Cassava,Ogun,Rainy,April,26.0,270.3,Medium,Fair,NPK,High,Optimal,354,380,April,Late April
Yam,Benue,Dry,February,30.8,6.2,Low,Good,Urea,Low,Optimal,192,203,September,Early September
Yam,Niger,Rainy,September,32.3,121.5,Medium,Good,NPK,Low,Optimal,248,244,May,Mid May
Yam,Ogun,Dry,February,26.3,13.2,Low,Fair,NPK,Low,Early,199,217,September,Mid September
Cassava,Kaduna,Dry,March,33.6,68.2,Medium,Fair,NPK,High,Optimal,299,322,January,Late January
Maize,Plateau,Rainy,June,24.5,228.1,High,Fair,NPK,Low,Optimal,109,109,October,Early October
Tomato,Taraba,Rainy,June,29.3,197.2,High,Good,NPK,High,Optimal,93,96,September,Mid September
Yam,Benue,Dry,February,27.5,17.6,Low,Good,NPK,Low,Optimal,208,228,September,Late September
Ewedu,Benue,Rainy,July,33.4,144.8,High,Fair,Organic Manure,Low,Optimal,41,40,August,Late August
Maize,Enugu,Rainy,May,26.2,172.5,High,Good,Organic Manure,Medium,Optimal,112,110,September,Early September
Yam,Benue,Dry,February,29.6,34.8,Medium,Fair,NPK,Medium,Early,261,270,November,Mid November
Cassava,Niger,Dry,March,34.4,78.3,Low,Good,No Fertilizer,High,Optimal,306,331,February,Early February
Maize,Kano,Rainy,June,29.1,96.8,High,Good,NPK,High,Optimal,102,107,September,Late September
Yam,Benue,Dry,December,26.2,9.5,Low,Poor,No Fertilizer,Medium,Early,253,303,October,Mid October
Cassava,Ogun,Rainy,May,29.0,199.6,High,Fair,Urea,High,Optimal,336,382,June,Early June
Tomato,Ogun,Dry,December,26.3,10.1,Low,Fair,NPK,High,Optimal,88,101,March,Late March
Ewedu,Taraba,Rainy,August,28.8,279.6,Low,Fair,NPK,Low,Optimal,32,36,September,Mid September
Ewedu,Plateau,Rainy,September,22.1,189.2,Low,Good,NPK,Medium,Optimal,40,44,October,Late October
Ewedu,Kaduna,Rainy,September,29.6,184.1,High,Fair,No Fertilizer,Medium,Optimal,44,46,October,Late October
Maize,Plateau,Dry,March,26.7,5.0,Low,Poor,Organic Manure,Medium,Optimal,110,114,July,Early July
Cassava,Oyo,Rainy,May,30.3,219.9,High,Fair,NPK,Low,Early,286,283,February,Late February
Maize,Oyo,Rainy,May,28.4,188.2,Medium,Fair,No Fertilizer,Medium,Early,102,106,August,Late August
Cassava,Oyo,Rainy,June,30.1,210.3,High,Good,NPK,Low,Optimal,322,305,April,Mid April
Tomato,Niger,Dry,February,31.3,17.9,Medium,Fair,NPK,Medium,Optimal,90,92,May,Mid May
Ewedu,Ondo,Rainy,April,29.5,240.7,High,Good,NPK,Low,Optimal,42,39,May,Late May
Tomato,Taraba,Rainy,October,29.1,201.3,High,Fair,Urea,Medium,Optimal,92,96,January,Mid January
Cassava,Ondo,Rainy,June,28.8,233.3,Low,Good,Organic Manure,Low,Optimal,339,329,May,Early May
Cassava,Benue,Rainy,May,28.3,190.8,High,Fair,NPK,Medium,Optimal,330,340,April,Mid April
Tomato,Plateau,Dry,November,21.6,71.2,Low,Good,Urea,Medium,Optimal,82,87,February,Early February
Cassava,Enugu,Dry,March,31.1,5.0,Low,Fair,Organic Manure,Medium,Optimal,271,288,December,Late December
Ewedu,Plateau,Rainy,August,24.0,196.8,High,Fair,Organic Manure,High,Optimal,36,38,September,Late September
Ewedu,Enugu,Dry,March,29.7,18.4,Medium,Fair,NPK,Low,Optimal,37,37,April,Late April
Maize,Kaduna,Dry,March,35.4,17.7,Low,Fair,NPK,Low,Late,90,103,June,Late June
Tomato,Kaduna,Dry,October,27.2,22.6,Low,Good,Organic Manure,Low,Optimal,85,93,January,Mid January
Yam,Enugu,Rainy,April,28.1,233.0,Medium,Fair,NPK,Low,Optimal,238,235,December,Early December
Maize,Plateau,Rainy,June,21.1,90.8,High,Good,NPK,Medium,Optimal,94,92,September,Mid September
Ewedu,Plateau,Rainy,May,26.2,235.3,High,Fair,NPK,High,Late,45,49,July,Early July
Ewedu,Enugu,Rainy,August,30.2,204.5,High,Good,NPK,Medium,Optimal,35,33,September,Mid September
Yam,Ogun,Rainy,May,27.0,246.5,High,Poor,Organic Manure,High,Optimal,195,225,December,Late December
Ewedu,Kaduna,Rainy,August,28.8,165.1,Low,Good,Organic Manure,Medium,Optimal,36,37,September,Late September
Maize,Ogun,Rainy,June,25.9,169.5,High,Fair,No Fertilizer,Medium,Optimal,107,105,September,Late September
Yam,Benue,Dry,February,28.9,5.0,Low,Good,NPK,Medium,Late,269,301,December,Mid December
Yam,Ondo,Dry,February,29.5,10.4,Low,Fair,NPK,Medium,Optimal,220,240,October,Mid October
Yam,Enugu,Dry,December,26.7,49.4,Low,Poor,No Fertilizer,Low,Optimal,258,300,October,Mid October
Tomato,Taraba,Rainy,June,29.0,179.0,Medium,Poor,Organic Manure,Medium,Optimal,87,91,September,Mid September
Ewedu,Plateau,Rainy,May,20.3,208.0,Medium,Good,NPK,Medium,Optimal,35,34,June,Mid June
Maize,Ondo,Rainy,May,28.4,222.6,High,Good,Organic Manure,Low,Optimal,97,90,August,Mid August
Cassava,Taraba,Rainy,October,27.1,190.6,Medium,Good,NPK,Medium,Optimal,298,283,July,Late July
Ewedu,Kaduna,Rainy,July,25.0,102.2,Medium,Good,NPK,High,Optimal,43,46,August,Late August
Cassava,Ondo,Rainy,March,28.9,215.0,High,Fair,No Fertilizer,Medium,Optimal,361,374,March,Late March
Yam,Enugu,Rainy,October,28.5,195.3,Medium,Fair,NPK,High,Optimal,207,230,June,Early June
Ewedu,Kano,Rainy,September,29.1,87.7,High,Fair,NPK,Medium,Optimal,40,41,October,Late October
Cassava,Ondo,Rainy,April,27.6,306.1,High,Fair,Organic Manure,Medium,Optimal,277,288,January,Late January
Maize,Kaduna,Rainy,June,28.6,228.1,Medium,Fair,Urea,Low,Early,118,118,October,Mid October
Tomato,Ogun,Rainy,August,27.5,234.5,High,Poor,No Fertilizer,Low,Optimal,82,84,November,Early November
Tomato,Plateau,Rainy,September,20.6,237.0,Low,Good,Organic Manure,High,Late,79,85,December,Early December
Cassava,Enugu,Rainy,May,27.1,233.1,High,Fair,Urea,Low,Optimal,299,310,March,Late March
Ewedu,Enugu,Rainy,August,28.8,245.6,Medium,Poor,No Fertilizer,Low,Early,32,36,September,Mid September
Ewedu,Benue,Rainy,April,28.5,191.9,High,Fair,Urea,Low,Optimal,36,35,May,Mid May
Tomato,Plateau,Rainy,August,23.1,189.0,Low,Poor,Organic Manure,Low,Optimal,76,84,November,Early November
Maize,Niger,Rainy,April,29.5,119.2,High,Fair,Organic Manure,High,Optimal,118,126,August,Mid August
Maize,Benue,Rainy,June,29.0,246.7,Low,Good,Urea,Low,Optimal,97,92,September,Mid September
Tomato,Niger,Rainy,July,28.1,194.4,Medium,Fair,Urea,Low,Optimal,79,80,October,Early October
Cassava,Plateau,Rainy,June,24.8,138.8,Low,Poor,Organic Manure,Medium,Late,330,343,May,Late May
Tomato,Kaduna,Dry,December,22.3,22.7,Medium,Fair,No Fertilizer,High,Early,95,102,March,Late March
Ewedu,Plateau,Rainy,August,21.5,181.0,High,Good,NPK,Medium,Optimal,33,33,September,Mid September
Maize,Benue,Rainy,May,28.2,240.7,High,Fair,NPK,Low,Optimal,109,114,September,Early September
Ewedu,Benue,Rainy,August,32.0,166.7,Medium,Fair,NPK,Low,Optimal,33,35,September,Mid September
Cassava,Benue,Rainy,August,29.7,172.7,High,Fair,No Fertilizer,Medium,Late,335,365,August,Mid August
Maize,Kano,Dry,May,36.3,23.5,Low,Poor,No Fertilizer,Low,Late,93,110,September,Early September
Yam,Oyo,Dry,November,26.9,5.0,Low,Good,Organic Manure,Medium,Optimal,207,217,June,Mid June
Cassava,Kaduna,Rainy,May,28.2,147.8,High,Good,NPK,Medium,Optimal,282,283,February,Late February
Yam,Ondo,Rainy,April,26.9,277.3,Medium,Poor,No Fertilizer,Low,Optimal,229,248,December,Mid December
Cassava,Kaduna,Rainy,June,28.5,202.3,Low,Fair,NPK,Low,Optimal,321,317,April,Late April
Yam,Taraba,Dry,March,32.2,62.1,Low,Fair,Organic Manure,Medium,Optimal,210,249,November,Mid November
Tomato,Kaduna,Dry,December,22.8,10.3,Medium,Fair,No Fertilizer,High,Optimal,99,114,April,Early April
Ewedu,Kaduna,Dry,November,31.0,53.2,Low,Fair,Organic Manure,Medium,Late,31,35,December,Mid December
Tomato,Benue,Dry,November,27.0,6.4,Low,Good,Organic Manure,Low,Optimal,94,100,February,Late February
Maize,Enugu,Rainy,June,30.2,223.4,High,Fair,No Fertilizer,Medium,Optimal,101,104,September,Late September
Tomato,Plateau,Rainy,July,19.3,187.7,High,Poor,Organic Manure,Medium,Late,98,109,November,Early November
Cassava,Ogun,Rainy,June,28.5,200.6,High,Fair,Organic Manure,Low,Optimal,311,319,April,Late April
Yam,Niger,Dry,November,29.5,39.5,Medium,Fair,Urea,Low,Optimal,265,272,August,Mid August
Maize,Taraba,Rainy,April,31.0,212.0,High,Poor,Urea,High,Late,113,126,August,Mid August
Ewedu,Enugu,Dry,March,34.0,5.0,Medium,Good,Organic Manure,Low,Optimal,36,34,April,Mid April
Maize,Niger,Rainy,July,33.7,139.1,Medium,Fair,Organic Manure,Medium,Early,107,115,November,Early November
Ewedu,Kaduna,Dry,March,34.6,19.7,Low,Fair,NPK,Medium,Optimal,33,36,April,Mid April
Maize,Enugu,Rainy,May,30.6,172.0,High,Fair,Urea,High,Optimal,102,108,August,Late August
Tomato,Benue,Rainy,July,25.3,190.2,Low,Poor,NPK,Medium,Optimal,93,108,October,Late October
Cassava,Oyo,Rainy,March,27.6,122.5,High,Good,NPK,High,Optimal,282,299,January,Early January
Maize,Enugu,Rainy,April,26.6,218.2,Medium,Fair,NPK,Medium,Optimal,90,94,July,Mid July
Ewedu,Kaduna,Dry,January,25.2,32.8,Medium,Fair,NPK,High,Late,42,50,March,Early March
Yam,Niger,Dry,November,30.4,10.5,Medium,Good,Urea,Medium,Early,238,244,July,Mid July
Yam,Kano,Dry,November,29.4,42.3,Medium,Fair,NPK,Low,Late,234,235,July,Early July
Cassava,Ogun,Rainy,September,26.7,117.4,High,Fair,Organic Manure,Low,Optimal,351,358,September,Early September
Maize,Kaduna,Rainy,August,27.6,161.9,Medium,Good,Organic Manure,Low,Optimal,115,112,December,Early December
Tomato,Kaduna,Rainy,July,27.7,99.9,High,Poor,NPK,Low,Optimal,79,80,October,Early October
Yam,Benue,Dry,March,37.3,25.2,Medium,Good,NPK,Medium,Early,198,213,October,Mid October
Cassava,Enugu,Rainy,April,25.4,228.5,High,Fair,NPK,Low,Optimal,311,318,February,Late February
Yam,Niger,Dry,February,30.3,7.5,Low,Fair,Urea,Low,Early,185,199,September,Early September
Cassava,Ondo,Rainy,April,26.2,263.8,High,Fair,NPK,Low,Optimal,299,318,February,Late February
Tomato,Plateau,Rainy,August,25.5,143.2,Medium,Fair,Urea,Low,Early,84,85,November,Early November
Cassava,Ondo,Rainy,July,27.9,251.4,Medium,Good,NPK,Low,Late,339,339,June,Mid June
Maize,Benue,Rainy,April,30.2,130.1,Medium,Good,NPK,Medium,Optimal,108,108,August,Early August
Maize,Kano,Dry,April,39.5,16.8,Low,Fair,Organic Manure,Low,Optimal,104,121,August,Mid August
Ewedu,Ogun,Rainy,July,28.2,131.3,High,Poor,NPK,Low,Optimal,33,32,August,Mid August
Yam,Ogun,Dry,January,26.9,5.0,Low,Fair,No Fertilizer,Low,Optimal,219,226,August,Late August
Ewedu,Ogun,Rainy,September,31.2,245.0,High,Good,NPK,Medium,Optimal,35,32,October,Mid October
Maize,Taraba,Rainy,April,24.8,181.3,Medium,Poor,No Fertilizer,Medium,Early,111,126,August,Mid August
Maize,Oyo,Rainy,August,27.3,221.9,High,Fair,Organic Manure,Low,Optimal,85,85,November,Early November
Ewedu,Benue,Rainy,July,33.0,203.7,High,Good,NPK,Low,Optimal,37,39,August,Late August
Tomato,Benue,Rainy,July,30.7,183.0,Medium,Fair,No Fertilizer,Medium,Late,86,86,October,Early October
Tomato,Plateau,Rainy,September,22.4,223.5,High,Fair,NPK,Medium,Early,80,85,December,Early December
Tomato,Taraba,Rainy,August,28.6,185.3,Medium,Good,Organic Manure,Low,Optimal,78,73,October,Late October
Ewedu,Enugu,Rainy,June,28.6,183.9,High,Fair,Urea,Low,Optimal,43,42,July,Late July
Tomato,Enugu,Rainy,August,25.9,207.3,High,Fair,Urea,High,Early,89,95,November,Mid November
Yam,Niger,Rainy,September,26.9,207.8,Low,Good,NPK,Medium,Late,208,235,May,Early May
Tomato,Plateau,Rainy,June,21.8,204.8,Medium,Good,NPK,High,Optimal,99,101,September,Late September
Yam,Benue,Dry,December,29.9,8.4,Low,Fair,NPK,Medium,Early,237,274,September,Mid September
Cassava,Ondo,Rainy,May,25.2,119.7,High,Good,Organic Manure,High,Optimal,342,370,May,Mid May
Ewedu,Benue,Rainy,April,27.9,226.8,Low,Fair,Organic Manure,Low,Late,39,44,May,Late May
Maize,Niger,Rainy,April,27.3,186.0,Low,Good,Organic Manure,Low,Optimal,97,96,July,Mid July
Maize,Oyo,Rainy,August,30.3,152.7,High,Fair,NPK,Medium,Optimal,86,90,November,Mid November
Cassava,Ogun,Rainy,July,27.6,242.7,High,Fair,Urea,Low,Late,327,341,June,Late June
Yam,Oyo,Rainy,April,27.3,200.6,High,Fair,NPK,Medium,Optimal,191,208,November,Early November
Ewedu,Kano,Rainy,September,32.6,125.2,Medium,Poor,No Fertilizer,Low,Early,36,39,October,Late October
Yam,Oyo,Rainy,March,29.8,206.3,High,Good,NPK,High,Optimal,192,208,October,Early October
Tomato,Benue,Rainy,June,28.2,159.0,High,Fair,Organic Manure,Low,Optimal,98,100,September,Late September
Ewedu,Niger,Rainy,July,32.3,131.4,Low,Poor,NPK,Medium,Early,41,46,August,Late August
Tomato,Plateau,Rainy,June,20.5,188.5,High,Good,NPK,Low,Optimal,90,87,September,Early September
Cassava,Benue,Rainy,September,29.6,134.7,Low,Good,NPK,High,Early,364,404,October,Late October
Cassava,Ondo,Rainy,May,26.6,233.7,Low,Poor,Organic Manure,Low,Optimal,289,286,February,Late February
Cassava,Oyo,Rainy,June,30.9,178.6,Low,Fair,NPK,Low,Optimal,273,273,March,Mid March
Ewedu,Oyo,Rainy,August,30.6,184.9,Medium,Fair,Urea,High,Late,43,50,October,Early October
Maize,Niger,Rainy,April,28.7,163.2,High,Poor,No Fertilizer,High,Early,114,133,August,Late August
Maize,Niger,Rainy,August,28.3,236.4,Medium,Fair,Organic Manure,Low,Optimal,118,115,December,Early December
Cassava,Niger,Rainy,September,28.1,218.3,High,Good,Organic Manure,Medium,Early,358,370,September,Mid September
Yam,Niger,Rainy,April,31.3,146.0,High,Good,Organic Manure,Medium,Optimal,246,255,December,Late December
Maize,Benue,Rainy,May,28.9,143.4,High,Poor,No Fertilizer,High,Optimal,119,137,September,Late September
Yam,Benue,Dry,March,36.4,90.0,Low,Good,NPK,Medium,Optimal,214,252,November,Late November
Yam,Benue,Dry,January,26.5,50.9,Medium,Good,NPK,Low,Optimal,196,197,July,Late July
Yam,Ogun,Dry,January,28.1,12.5,Low,Good,NPK,Low,Optimal,235,241,September,Mid September
Yam,Oyo,Rainy,July,31.2,178.2,Medium,Poor,No Fertilizer,Medium,Late,201,228,February,Late February
Ewedu,Kaduna,Rainy,May,27.7,100.3,Medium,Good,NPK,Low,Optimal,35,34,June,Mid June
Yam,Enugu,Dry,January,25.4,21.9,Low,Fair,NPK,Medium,Optimal,260,297,November,Early November
Maize,Ondo,Rainy,May,27.8,198.2,Low,Good,NPK,Low,Optimal,108,112,September,Early September
Tomato,Plateau,Dry,November,22.0,13.2,Medium,Fair,NPK,Medium,Optimal,88,90,February,Mid February
Tomato,Plateau,Rainy,July,23.4,201.9,Low,Fair,Urea,Medium,Early,86,97,October,Mid October
Maize,Ondo,Rainy,May,28.9,247.7,Low,Poor,No Fertilizer,High,Late,110,138,September,Late September
Maize,Benue,Dry,March,34.7,49.9,Low,Good,NPK,Low,Early,101,94,June,Mid June
Yam,Niger,Rainy,April,29.3,138.0,Medium,Poor,No Fertilizer,Medium,Optimal,229,253,December,Late December
Tomato,Plateau,Dry,November,25.0,5.7,Low,Good,Urea,Low,Optimal,96,102,February,Late February
Yam,Enugu,Dry,January,25.3,89.3,Medium,Fair,NPK,Low,Early,226,226,August,Late August
Tomato,Plateau,Dry,January,19.5,48.8,Low,Fair,NPK,Low,Late,83,91,April,Mid April
Tomato,Kaduna,Rainy,July,27.7,146.4,High,Good,NPK,Low,Optimal,82,80,October,Early October
Yam,Ogun,Dry,February,30.5,6.5,High,Fair,NPK,Medium,Optimal,195,213,September,Mid September
Maize,Niger,Dry,March,34.7,10.5,Low,Poor,No Fertilizer,Low,Optimal,120,135,July,Late July
Tomato,Niger,Rainy,October,30.1,168.0,Medium,Fair,Organic Manure,Medium,Optimal,93,98,January,Late January
Tomato,Plateau,Rainy,June,23.8,172.1,High,Fair,Organic Manure,High,Optimal,82,87,September,Early September
Maize,Niger,Dry,December,24.5,23.3,Low,Poor,NPK,Medium,Late,100,102,March,Late March
Tomato,Taraba,Dry,November,30.2,19.2,Low,Good,NPK,High,Optimal,87,102,February,Late February
Maize,Plateau,Dry,March,27.0,56.1,Low,Good,Organic Manure,Low,Optimal,97,93,June,Mid June
Yam,Benue,Dry,January,27.3,81.8,Low,Fair,No Fertilizer,High,Optimal,226,271,October,Mid October
Ewedu,Plateau,Rainy,May,22.6,120.9,High,Poor,Organic Manure,High,Optimal,34,38,June,Late June
Maize,Niger,Dry,December,26.7,5.0,Low,Good,Organic Manure,Medium,Late,90,99,March,Late March
Yam,Benue,Rainy,October,30.9,60.0,Medium,Good,Organic Manure,Low,Late,203,202,May,Early May
Tomato,Enugu,Rainy,July,28.3,202.8,Medium,Fair,No Fertilizer,Medium,Optimal,89,92,October,Mid October
Tomato,Enugu,Dry,November,28.8,5.0,Low,Fair,No Fertilizer,Low,Optimal,81,87,February,Early February
Maize,Niger,Rainy,August,33.6,150.8,Medium,Poor,Organic Manure,Medium,Optimal,111,119,December,Mid December
Tomato,Taraba,Rainy,August,32.6,127.1,High,Fair,Urea,Medium,Optimal,99,100,November,Late November
Yam,Benue,Dry,November,30.0,23.1,Low,Good,NPK,High,Optimal,200,228,July,Early July
Cassava,Ogun,Rainy,October,31.1,243.9,High,Fair,Urea,Medium,Optimal,319,338,September,Mid September
Maize,Benue,Rainy,June,28.9,169.7,High,Fair,NPK,High,Late,97,104,September,Late September
Yam,Kano,Dry,December,26.6,16.5,Medium,Poor,Urea,Medium,Early,251,255,August,Late August
Yam,Enugu,Dry,January,23.2,41.5,Low,Fair,Urea,Medium,Early,201,230,September,Early September
Ewedu,Taraba,Rainy,June,28.5,110.6,High,Poor,No Fertilizer,High,Optimal,34,35,July,Mid July
Ewedu,Niger,Dry,November,31.3,85.3,Medium,Fair,Urea,High,Late,39,46,December,Late December
Ewedu,Enugu,Rainy,July,29.1,283.4,High,Fair,Urea,Low,Optimal,36,37,August,Late August
Ewedu,Enugu,Rainy,August,28.6,170.1,High,Fair,Organic Manure,High,Optimal,36,39,September,Late September
Ewedu,Kaduna,Dry,March,34.5,85.1,Medium,Good,NPK,Medium,Optimal,44,43,April,Late April
Maize,Oyo,Rainy,June,26.0,110.1,Medium,Fair,NPK,Low,Optimal,103,101,September,Late September
Tomato,Taraba,Dry,November,26.5,33.3,Medium,Poor,No Fertilizer,Medium,Early,76,87,February,Early February
Tomato,Kaduna,Rainy,July,28.0,133.9,High,Good,Organic Manure,Low,Optimal,84,80,October,Early October
Ewedu,Oyo,Rainy,September,24.7,149.7,High,Fair,Organic Manure,Medium,Early,35,35,October,Mid October
Ewedu,Plateau,Dry,March,27.4,14.7,Medium,Fair,Urea,Medium,Optimal,39,41,April,Late April
Cassava,Ondo,Rainy,April,29.3,291.3,High,Good,Organic Manure,Low,Early,328,315,February,Late February
Tomato,Plateau,Rainy,June,22.2,201.5,High,Fair,Urea,Medium,Optimal,93,95,September,Mid September
Yam,Oyo,Dry,December,26.9,5.0,Low,Fair,NPK,Medium,Late,256,290,October,Early October
Cassava,Oyo,Rainy,March,25.6,185.6,High,Fair,Urea,Low,Optimal,283,279,December,Mid December
Yam,Benue,Dry,November,28.0,24.2,Medium,Fair,No Fertilizer,Medium,Optimal,229,235,July,Early July
Yam,Kaduna,Dry,March,32.3,6.8,Low,Fair,Organic Manure,Medium,Early,199,228,October,Late October
Yam,Enugu,Rainy,April,27.5,183.7,High,Good,NPK,Low,Late,215,219,November,Mid November
Cassava,Ondo,Rainy,October,26.1,280.4,Medium,Poor,NPK,Medium,Late,276,281,July,Late July
Maize,Taraba,Rainy,May,26.9,249.0,High,Poor,NPK,Medium,Optimal,115,117,September,Early September
Maize,Plateau,Rainy,April,22.5,240.3,Medium,Good,Urea,High,Optimal,109,116,August,Early August
Tomato,Ondo,Rainy,May,26.9,170.0,High,Good,Urea,Low,Late,92,94,August,Mid August
Ewedu,Benue,Rainy,April,28.6,234.1,Medium,Fair,NPK,High,Optimal,42,44,May,Late May
Maize,Enugu,Rainy,June,25.5,251.9,High,Fair,NPK,Medium,Optimal,120,127,October,Mid October
Ewedu,Taraba,Dry,February,29.7,23.5,Low,Fair,Urea,Medium,Early,44,49,April,Early April
Cassava,Benue,Rainy,June,30.9,158.4,High,Fair,NPK,Medium,Optimal,324,329,May,Early May
Ewedu,Enugu,Rainy,August,25.6,248.7,High,Fair,No Fertilizer,High,Optimal,43,45,September,Late September
Cassava,Niger,Rainy,June,33.8,218.6,High,Fair,NPK,High,Optimal,319,334,May,Mid May
Ewedu,Ondo,Rainy,March,27.1,248.3,High,Fair,NPK,Medium,Early,35,33,April,Mid April
Cassava,Taraba,Rainy,October,28.1,104.7,High,Fair,Organic Manure,High,Optimal,283,310,August,Late August
Yam,Ondo,Dry,February,27.8,37.4,Medium,Fair,NPK,High,Optimal,253,275,November,Mid November
Cassava,Ogun,Rainy,October,28.3,271.6,Medium,Fair,Urea,Low,Optimal,325,329,September,Early September
Tomato,Oyo,Dry,January,24.9,18.8,Low,Poor,Urea,Medium,Optimal,76,88,April,Mid April
Yam,Benue,Dry,January,25.8,14.3,Low,Fair,Urea,Medium,Optimal,206,235,September,Early September
Tomato,Kaduna,Rainy,July,26.3,163.6,Medium,Poor,Organic Manure,High,Optimal,92,103,October,Late October
Tomato,Plateau,Rainy,August,24.0,198.5,Low,Fair,NPK,Low,Optimal,87,96,November,Mid November
Ewedu,Niger,Rainy,May,30.8,137.6,High,Fair,NPK,Medium,Optimal,43,45,June,Late June
Yam,Niger,Dry,March,37.0,5.0,Low,Good,Organic Manure,Medium,Optimal,190,206,October,Early October
Maize,Niger,Rainy,June,29.1,198.4,High,Poor,No Fertilizer,Medium,Late,106,121,October,Mid October
Cassava,Ogun,Rainy,March,28.7,261.9,Medium,Fair,Organic Manure,Medium,Optimal,281,287,December,Late December
Maize,Kaduna,Rainy,August,30.0,94.6,High,Fair,Organic Manure,Medium,Optimal,120,127,December,Mid December
Ewedu,Niger,Rainy,August,28.6,129.1,High,Fair,NPK,Low,Optimal,44,45,September,Late September
Ewedu,Ogun,Rainy,June,28.7,284.9,Low,Fair,Organic Manure,Medium,Optimal,32,37,July,Late July
Yam,Benue,Rainy,April,29.8,225.6,High,Fair,Organic Manure,High,Optimal,184,220,November,Late November
Cassava,Oyo,Dry,January,25.2,30.2,Low,Good,Urea,Medium,Late,314,337,December,Mid December
Yam,Niger,Dry,January,25.4,15.8,Medium,Fair,NPK,Low,Late,264,263,October,Early October
Maize,Oyo,Rainy,March,30.1,161.4,High,Poor,No Fertilizer,Low,Early,119,127,July,Mid July
Yam,Ogun,Dry,January,25.4,11.0,Medium,Fair,NPK,High,Optimal,241,260,October,Early October
Maize,Taraba,Rainy,April,30.8,222.6,High,Fair,NPK,Low,Optimal,94,92,July,Mid July
Maize,Ogun,Rainy,September,27.1,210.5,Medium,Good,Organic Manure,Low,Optimal,106,103,December,Late December
Ewedu,Niger,Rainy,May,27.0,72.1,High,Good,Organic Manure,Medium,Optimal,31,32,June,Mid June
Maize,Oyo,Rainy,June,29.2,174.0,Medium,Fair,No Fertilizer,High,Optimal,114,120,October,Mid October
Cassava,Ogun,Rainy,October,27.1,247.5,High,Fair,No Fertilizer,Low,Optimal,322,320,August,Late August
Cassava,Oyo,Rainy,March,30.4,221.9,High,Good,Organic Manure,Medium,Optimal,279,256,November,Late November
Cassava,Ogun,Rainy,April,28.6,292.4,High,Fair,NPK,High,Optimal,288,317,February,Late February
Cassava,Niger,Rainy,April,29.4,178.1,High,Fair,NPK,High,Optimal,350,383,May,Early May
Maize,Oyo,Rainy,June,30.5,208.0,Medium,Poor,No Fertilizer,Low,Optimal,96,107,September,Late September
Ewedu,Ondo,Rainy,March,24.2,281.1,High,Fair,NPK,High,Optimal,39,45,April,Late April
Tomato,Kaduna,Rainy,July,29.8,209.8,Medium,Good,NPK,High,Early,80,82,October,Early October
Ewedu,Niger,Dry,November,29.6,5.0,Low,Fair,Organic Manure,Low,Early,40,41,December,Late December
Yam,Niger,Rainy,April,31.1,256.5,High,Fair,Organic Manure,Low,Optimal,250,265,January,Early January
Yam,Benue,Rainy,April,31.5,210.6,Medium,Fair,Urea,High,Late,185,215,November,Mid November
Tomato,Benue,Dry,December,27.8,8.4,Low,Poor,No Fertilizer,Low,Late,91,105,March,Late March
Maize,Enugu,Rainy,May,28.6,213.6,High,Poor,No Fertilizer,High,Optimal,91,110,September,Early September
Yam,Enugu,Dry,February,27.2,6.7,Low,Fair,No Fertilizer,Low,Optimal,224,252,October,Late October
Cassava,Ogun,Rainy,September,28.5,199.0,High,Poor,NPK,Low,Optimal,318,308,July,Mid July
Cassava,Ondo,Rainy,September,28.5,268.7,High,Fair,NPK,Medium,Optimal,326,326,August,Early August
Cassava,Ogun,Rainy,March,26.3,273.5,Low,Good,Urea,High,Late,313,354,March,Early March
Yam,Niger,Rainy,April,30.2,126.1,Medium,Good,Urea,Medium,Optimal,212,215,November,Mid November
Cassava,Ondo,Rainy,September,24.4,266.1,High,Fair,Urea,High,Optimal,357,389,October,Early October
Yam,Benue,Rainy,July,29.5,200.7,High,Poor,Urea,Low,Optimal,262,272,April,Mid April
Tomato,Kaduna,Rainy,July,29.4,154.4,High,Good,Organic Manure,Medium,Early,92,88,October,Mid October
Ewedu,Ogun,Rainy,June,26.7,199.2,High,Good,No Fertilizer,High,Optimal,32,36,July,Late July
Tomato,Plateau,Dry,October,22.9,39.7,Low,Fair,NPK,High,Optimal,79,89,January,Mid January
Ewedu,Ondo,Rainy,April,27.9,207.1,Medium,Good,NPK,Low,Optimal,33,34,May,Mid May
Ewedu,Plateau,Rainy,June,21.0,283.8,High,Fair,Urea,Low,Optimal,40,41,July,Late July
Cassava,Niger,Dry,January,24.0,5.0,Medium,Good,NPK,Medium,Late,313,334,December,Mid December
Cassava,Ogun,Rainy,October,28.1,267.5,Medium,Fair,Organic Manure,Medium,Optimal,349,374,October,Late October
Tomato,Niger,Rainy,August,32.4,123.4,Medium,Poor,Organic Manure,Low,Early,95,97,November,Mid November
Cassava,Kaduna,Dry,March,33.9,60.3,Low,Fair,NPK,Medium,Early,306,310,January,Mid January
Tomato,Taraba,Rainy,July,26.6,267.5,Medium,Fair,NPK,Low,Optimal,86,88,October,Mid October
Maize,Kano,Dry,April,35.6,68.8,Low,Poor,No Fertilizer,Low,Optimal,118,140,September,Early September
Tomato,Taraba,Rainy,October,28.3,140.1,Medium,Fair,Urea,Low,Early,77,79,January,Early January
Ewedu,Ondo,Rainy,May,28.0,237.1,Low,Poor,NPK,High,Optimal,39,45,June,Late June
Cassava,Ogun,Rainy,May,29.3,290.2,High,Fair,No Fertilizer,Low,Optimal,284,274,February,Mid February
Yam,Ogun,Rainy,September,26.8,254.5,Medium,Fair,Organic Manure,Low,Early,239,249,May,Late May
Tomato,Kaduna,Dry,November,25.4,5.0,Medium,Poor,No Fertilizer,Low,Optimal,75,83,February,Early February
Maize,Taraba,Rainy,June,29.3,149.1,Medium,Good,Urea,Medium,Optimal,108,108,October,Early October
Tomato,Kaduna,Dry,March,36.1,5.0,Low,Fair,No Fertilizer,Medium,Late,99,123,July,Mid July
Maize,Enugu,Rainy,August,27.7,196.5,Medium,Poor,No Fertilizer,Low,Late,95,103,November,Late November
Tomato,Ogun,Rainy,May,29.8,213.6,Low,Good,NPK,High,Early,100,116,September,Early September
Maize,Plateau,Rainy,April,21.1,276.9,High,Fair,NPK,Low,Optimal,91,90,July,Mid July
Yam,Plateau,Rainy,August,22.9,227.6,High,Fair,Urea,Medium,Early,225,245,April,Mid April
Ewedu,Taraba,Rainy,August,28.2,233.7,High,Poor,No Fertilizer,Low,Early,41,45,September,Late September
Yam,Ondo,Rainy,April,28.2,308.9,Medium,Poor,No Fertilizer,Medium,Optimal,186,204,November,Early November
Ewedu,Plateau,Dry,March,28.5,90.0,Low,Fair,Organic Manure,Medium,Early,37,39,April,Late April
Tomato,Enugu,Rainy,August,28.3,268.1,High,Fair,No Fertilizer,Low,Optimal,95,97,November,Mid November
Ewedu,Plateau,Dry,March,27.9,13.2,Low,Fair,NPK,Low,Late,39,43,April,Late April
Cassava,Kaduna,Dry,October,31.5,5.0,Low,Fair,NPK,Low,Optimal,279,274,July,Mid July
Tomato,Benue,Rainy,August,28.8,148.1,Medium,Poor,Urea,Low,Optimal,88,91,November,Mid November
Ewedu,Kano,Dry,March,39.6,5.0,Low,Fair,Urea,Medium,Late,30,34,April,Mid April
Yam,Ogun,Dry,December,26.1,15.2,Low,Poor,NPK,Low,Early,227,238,August,Early August
Tomato,Taraba,Rainy,July,28.5,175.2,High,Fair,Organic Manure,Low,Early,93,97,October,Mid October
Cassava,Ogun,Rainy,May,27.0,255.2,High,Fair,NPK,High,Optimal,326,357,May,Early May
Cassava,Ondo,Rainy,May,26.0,214.5,Medium,Poor,No Fertilizer,Low,Optimal,330,348,April,Late April
Ewedu,Oyo,Rainy,June,30.4,222.0,Medium,Fair,NPK,Low,Optimal,40,39,July,Late July
Yam,Oyo,Dry,December,24.8,5.7,High,Good,Organic Manure,Low,Optimal,236,218,July,Late July
Tomato,Plateau,Dry,March,23.9,20.9,Medium,Fair,Urea,High,Late,98,108,July,Early July
Maize,Benue,Dry,February,29.6,31.7,Low,Fair,No Fertilizer,Medium,Late,106,125,June,Mid June
Tomato,Kaduna,Dry,October,25.7,15.6,Medium,Fair,NPK,Low,Early,81,81,January,Early January
Yam,Ogun,Rainy,April,27.3,253.2,High,Good,No Fertilizer,Medium,Early,266,305,February,Mid February
Ewedu,Ogun,Dry,February,28.8,19.6,Low,Fair,Urea,Medium,Early,32,34,March,Mid March
Yam,Ogun,Dry,December,25.6,24.4,Low,Fair,NPK,Medium,Optimal,220,239,August,Mid August
Tomato,Taraba,Rainy,August,29.7,165.4,Medium,Fair,NPK,High,Early,98,103,November,Late November
Ewedu,Kano,Rainy,August,28.8,179.9,High,Good,No Fertilizer,Low,Optimal,38,36,September,Mid September
Cassava,Kaduna,Dry,October,30.0,22.0,Medium,Fair,NPK,Low,Early,280,271,July,Mid July
Maize,Enugu,Rainy,April,30.1,251.9,Medium,Good,NPK,Low,Late,109,109,August,Early August
Tomato,Enugu,Rainy,August,30.3,221.3,High,Poor,NPK,High,Optimal,77,85,November,Early November
Yam,Enugu,Dry,January,25.1,90.0,Low,Fair,NPK,High,Optimal,215,266,October,Early October
Cassava,Ogun,Dry,December,28.0,6.0,Low,Good,Urea,Low,Optimal,293,288,September,Late September
Yam,Niger,Dry,March,32.1,6.7,Low,Good,Organic Manure,Low,Optimal,182,179,September,Early September
Maize,Ogun,Rainy,June,25.5,211.8,High,Good,Organic Manure,High,Optimal,91,99,September,Late September
Cassava,Ondo,Rainy,September,28.2,304.8,Medium,Fair,Organic Manure,Low,Optimal,274,264,June,Early June
Maize,Kaduna,Dry,April,35.2,11.5,High,Fair,NPK,Low,Optimal,112,121,August,Mid August
Yam,Oyo,Dry,November,30.5,73.5,Low,Fair,NPK,Medium,Optimal,217,244,July,Mid July
Yam,Niger,Dry,November,33.1,57.0,Medium,Good,No Fertilizer,High,Optimal,262,288,August,Late August
Yam,Taraba,Dry,February,29.5,5.6,Low,Good,NPK,Low,Optimal,252,259,October,Late October
Tomato,Oyo,Dry,November,29.6,76.0,Low,Fair,NPK,Low,Optimal,76,80,February,Early February
Ewedu,Kaduna,Rainy,August,26.1,241.8,Low,Fair,NPK,Low,Optimal,30,33,September,Mid September
Tomato,Oyo,Rainy,October,29.6,200.0,High,Good,Organic Manure,Medium,Early,92,85,January,Early January
Tomato,Kaduna,Rainy,August,32.1,122.0,High,Poor,No Fertilizer,Medium,Optimal,92,105,November,Late November
Tomato,Taraba,Rainy,August,31.4,180.9,High,Good,Organic Manure,Low,Optimal,87,84,November,Early November
Cassava,Niger,Dry,March,33.3,5.0,Low,Good,NPK,High,Optimal,353,371,March,Late March
Yam,Niger,Dry,February,30.9,82.0,Low,Fair,Urea,Low,Optimal,227,245,October,Mid October
Cassava,Enugu,Rainy,September,27.6,244.6,High,Good,NPK,High,Optimal,348,368,September,Mid September
Tomato,Taraba,Rainy,July,28.5,198.7,High,Fair,Urea,Medium,Optimal,86,87,October,Early October
Ewedu,Taraba,Rainy,April,29.2,269.9,Medium,Fair,No Fertilizer,Medium,Optimal,31,36,May,Late May
Maize,Enugu,Rainy,April,30.7,198.5,Medium,Fair,NPK,Medium,Optimal,115,121,August,Mid August
Yam,Oyo,Dry,December,25.3,5.0,Low,Poor,No Fertilizer,High,Early,245,325,November,Early November
Maize,Ogun,Rainy,March,26.3,278.3,Medium,Good,NPK,High,Late,93,100,June,Late June
Cassava,Benue,Rainy,May,27.7,217.6,Medium,Fair,Organic Manure,Low,Optimal,338,340,April,Mid April
Maize,Kaduna,Dry,April,35.3,5.0,Low,Poor,No Fertilizer,Medium,Optimal,100,123,August,Mid August
Yam,Kaduna,Dry,December,22.5,35.6,Low,Good,Urea,Medium,Late,190,229,August,Early August
Cassava,Plateau,Rainy,April,23.3,196.0,High,Fair,Urea,Low,Optimal,360,367,April,Mid April
Cassava,Kaduna,Dry,February,24.1,47.1,Low,Fair,No Fertilizer,Low,Late,317,338,January,Mid January
Yam,Plateau,Rainy,April,21.3,60.0,Medium,Fair,No Fertilizer,Medium,Early,256,263,January,Early January
Ewedu,Taraba,Rainy,June,30.6,175.4,High,Good,Organic Manure,High,Early,39,38,July,Late July
Maize,Enugu,Rainy,May,30.1,180.7,High,Good,Organic Manure,Medium,Optimal,102,101,August,Late August
Ewedu,Oyo,Rainy,July,27.7,155.2,Medium,Good,NPK,Medium,Optimal,37,36,August,Mid August
Cassava,Enugu,Rainy,September,29.6,122.3,Medium,Fair,NPK,High,Early,322,354,September,Early September
Ewedu,Enugu,Rainy,May,25.1,205.5,High,Fair,Organic Manure,High,Optimal,34,39,June,Late June
Maize,Oyo,Dry,February,27.8,35.6,Low,Good,Organic Manure,Low,Late,92,87,May,Mid May
Cassava,Niger,Rainy,April,32.8,153.6,Low,Poor,Organic Manure,Low,Optimal,302,292,February,Early February
Maize,Kano,Dry,April,37.5,33.9,Medium,Good,NPK,High,Optimal,87,92,July,Mid July
Maize,Ogun,Rainy,August,28.5,209.6,Medium,Fair,Urea,Medium,Optimal,110,116,December,Early December
Ewedu,Oyo,Rainy,July,29.4,182.4,High,Good,NPK,Medium,Optimal,32,32,August,Mid August
Maize,Enugu,Rainy,May,26.4,240.6,High,Fair,Organic Manure,Low,Early,104,103,August,Late August
Tomato,Taraba,Rainy,October,30.2,132.7,High,Good,NPK,High,Optimal,91,98,January,Late January
Yam,Oyo,Dry,January,26.3,5.0,Low,Fair,Urea,Medium,Late,180,212,August,Mid August
Maize,Niger,Rainy,May,32.9,136.0,Medium,Poor,Organic Manure,Medium,Optimal,95,96,August,Mid August
Cassava,Benue,Rainy,June,32.4,158.1,High,Fair,Organic Manure,Low,Optimal,321,319,April,Late April
Yam,Oyo,Dry,February,26.7,67.6,Low,Fair,No Fertilizer,Medium,Early,237,266,November,Early November
Yam,Oyo,Rainy,July,30.8,158.4,Medium,Fair,NPK,High,Optimal,259,276,April,Mid April
Cassava,Oyo,Dry,November,27.2,17.9,Low,Poor,No Fertilizer,Low,Optimal,316,346,October,Late October
Cassava,Ogun,Rainy,June,28.7,231.7,Medium,Poor,No Fertilizer,Low,Optimal,325,350,May,Late May
Tomato,Taraba,Dry,March,33.1,5.0,Low,Fair,NPK,High,Late,80,102,June,Late June
Tomato,Plateau,Rainy,June,24.0,182.6,Medium,Good,NPK,Medium,Late,83,86,September,Early September
Cassava,Benue,Dry,March,32.8,7.3,High,Good,NPK,Medium,Optimal,316,302,January,Mid January
Yam,Taraba,Dry,November,28.8,5.0,High,Fair,Urea,Medium,Late,193,207,June,Early June
Cassava,Benue,Rainy,April,30.3,164.0,Medium,Poor,No Fertilizer,Medium,Early,275,308,February,Mid February
Maize,Taraba,Rainy,October,30.8,296.7,High,Fair,No Fertilizer,High,Late,91,106,January,Late January
Tomato,Plateau,Rainy,May,22.2,149.3,High,Fair,Urea,Low,Early,90,89,August,Mid August
Maize,Niger,Rainy,August,29.8,198.8,High,Good,NPK,High,Optimal,95,103,November,Late November
Yam,Plateau,Dry,November,25.0,38.2,Low,Poor,Organic Manure,Medium,Optimal,264,298,September,Early September
Maize,Benue,Rainy,April,28.5,208.9,High,Fair,Urea,Low,Optimal,94,93,July,Mid July
Yam,Enugu,Dry,December,27.4,5.0,Medium,Good,NPK,Low,Optimal,243,238,August,Early August
Tomato,Enugu,Rainy,August,28.4,178.8,High,Poor,Organic Manure,Low,Late,99,103,November,Late November
Tomato,Taraba,Dry,December,23.5,12.9,Low,Fair,Organic Manure,Medium,Optimal,76,83,March,Early March
Maize,Kaduna,Dry,April,31.6,12.8,Medium,Good,NPK,Low,Optimal,97,93,July,Mid July
Maize,Niger,Rainy,June,31.5,199.7,High,Good,NPK,Low,Optimal,90,84,September,Early September
Tomato,Plateau,Rainy,June,20.6,212.1,High,Good,Urea,Low,Early,93,92,September,Mid September
Yam,Oyo,Dry,November,27.4,5.0,Medium,Good,NPK,Low,Optimal,237,224,June,Late June
Yam,Plateau,Dry,January,19.1,21.6,Medium,Fair,NPK,Medium,Optimal,262,278,October,Mid October
Tomato,Taraba,Dry,November,26.2,11.9,Low,Fair,NPK,Low,Optimal,96,107,March,Early March
Ewedu,Ondo,Rainy,April,29.7,305.7,Low,Fair,NPK,Medium,Optimal,43,47,June,Early June
Yam,Niger,Dry,December,24.9,33.7,Low,Good,NPK,Low,Optimal,248,255,August,Late August
Ewedu,Taraba,Dry,March,33.7,39.9,Medium,Fair,Organic Manure,Low,Optimal,41,41,April,Late April
Ewedu,Benue,Dry,November,28.5,5.0,Low,Good,NPK,Medium,Late,35,39,December,Late December
Maize,Benue,Rainy,April,29.6,284.0,High,Poor,No Fertilizer,Low,Early,108,123,August,Mid August
Ewedu,Ondo,Rainy,August,26.4,272.0,High,Poor,Urea,Low,Optimal,32,32,September,Mid September
Ewedu,Ogun,Dry,January,26.3,90.0,Medium,Poor,Urea,Low,Early,43,44,February,Late February
Tomato,Plateau,Dry,February,23.3,5.0,Low,Good,NPK,High,Late,83,91,May,Mid May
Maize,Benue,Rainy,June,32.3,286.7,Medium,Poor,No Fertilizer,High,Late,108,137,October,Late October
Tomato,Ondo,Dry,December,24.2,46.4,Medium,Fair,Urea,Low,Optimal,80,77,March,Early March
Ewedu,Plateau,Rainy,August,23.7,251.4,High,Fair,NPK,Medium,Optimal,41,41,September,Late September
Tomato,Ondo,Rainy,June,28.5,295.1,Low,Poor,NPK,Medium,Optimal,86,94,September,Mid September
Cassava,Kaduna,Dry,October,28.2,5.0,Low,Fair,Organic Manure,High,Optimal,307,340,September,Mid September
Tomato,Plateau,Dry,December,19.8,50.6,Low,Fair,Urea,Medium,Optimal,97,109,April,Early April
Cassava,Benue,Rainy,May,28.8,176.9,High,Good,NPK,Medium,Early,339,346,April,Late April
Tomato,Plateau,Dry,October,22.0,14.6,Low,Good,Urea,Medium,Optimal,87,96,January,Mid January
Yam,Niger,Rainy,April,32.6,79.2,High,Fair,Organic Manure,High,Optimal,213,243,December,Mid December
Yam,Niger,Dry,February,32.7,11.2,High,Fair,Urea,Medium,Late,227,253,October,Late October
Yam,Benue,Rainy,August,27.8,227.4,Medium,Fair,Urea,Low,Late,205,214,March,Mid March
Tomato,Enugu,Rainy,October,29.3,293.6,Low,Good,Organic Manure,Low,Optimal,76,83,January,Early January
Maize,Kaduna,Rainy,August,28.6,265.1,High,Poor,No Fertilizer,Medium,Optimal,104,116,December,Early December
Maize,Enugu,Dry,March,31.6,5.4,Low,Poor,Organic Manure,Low,Optimal,118,116,July,Early July
Maize,Taraba,Dry,November,24.2,5.0,Low,Good,NPK,Low,Late,86,88,February,Mid February
Ewedu,Kano,Rainy,June,33.2,60.0,High,Fair,NPK,Medium,Late,41,45,July,Late July
Maize,Taraba,Rainy,August,27.7,159.6,Low,Fair,No Fertilizer,Low,Late,101,109,December,Early December
Maize,Plateau,Dry,March,26.0,25.9,Medium,Fair,No Fertilizer,Medium,Optimal,108,111,July,Early July
Yam,Benue,Dry,January,29.2,5.0,Medium,Poor,No Fertilizer,Medium,Optimal,205,220,August,Late August
Maize,Kaduna,Rainy,August,28.8,132.5,High,Fair,Organic Manure,Medium,Optimal,105,109,December,Early December
Cassava,Enugu,Rainy,June,25.0,301.9,High,Poor,No Fertilizer,Medium,Optimal,360,401,July,Late July
Maize,Enugu,Rainy,April,29.1,138.3,Medium,Poor,Urea,Medium,Optimal,101,102,July,Late July
Yam,Ogun,Rainy,October,31.8,169.4,High,Fair,Organic Manure,High,Early,212,232,June,Early June
Ewedu,Kano,Rainy,June,27.7,127.1,Medium,Good,Organic Manure,Medium,Optimal,35,37,July,Late July
Tomato,Oyo,Dry,December,27.3,85.9,Low,Good,Urea,Low,Optimal,97,106,March,Late March
Yam,Taraba,Dry,February,29.8,5.0,Low,Good,NPK,Medium,Optimal,202,230,October,Early October
Yam,Benue,Dry,November,33.9,20.4,Low,Good,Organic Manure,Low,Optimal,247,263,August,Early August
Maize,Kaduna,Rainy,August,29.1,81.3,High,Poor,No Fertilizer,Low,Optimal,88,99,November,Late November
Yam,Oyo,Dry,February,27.3,29.6,Low,Fair,Urea,High,Optimal,269,313,December,Late December
Ewedu,Ondo,Dry,February,24.0,10.0,High,Good,NPK,Medium,Late,37,39,March,Late March
Cassava,Ondo,Dry,January,27.0,53.5,Medium,Good,Organic Manure,High,Optimal,289,302,November,Mid November
Yam,Benue,Dry,March,35.3,9.4,Low,Fair,Organic Manure,Medium,Late,226,276,December,Mid December
Ewedu,Oyo,Rainy,July,27.5,137.8,Medium,Good,Organic Manure,Low,Optimal,36,34,August,Mid August
Tomato,Taraba,Rainy,June,29.8,170.8,High,Good,NPK,High,Optimal,94,101,September,Late September
Ewedu,Kaduna,Dry,October,28.3,15.7,Medium,Good,NPK,Medium,Late,31,32,November,Mid November
Maize,Benue,Rainy,May,27.1,152.7,Medium,Good,Urea,Low,Early,106,108,August,Late August
Yam,Benue,Dry,January,27.4,53.3,Low,Fair,NPK,Medium,Optimal,226,249,September,Mid September
Ewedu,Ondo,Dry,December,26.1,20.1,Low,Fair,Urea,Low,Late,32,39,January,Late January
Yam,Oyo,Dry,January,26.2,7.8,Low,Fair,Organic Manure,Low,Optimal,182,194,July,Late July
Tomato,Benue,Dry,December,28.7,86.7,Low,Fair,NPK,Medium,Optimal,87,104,March,Late March
Ewedu,Taraba,Rainy,April,28.7,147.9,High,Fair,No Fertilizer,Medium,Early,43,46,May,Late May
Ewedu,Kano,Dry,May,36.5,5.3,Low,Poor,Organic Manure,Medium,Optimal,39,44,June,Late June
Cassava,Benue,Dry,January,26.8,10.7,Low,Fair,NPK,Medium,Early,295,311,November,Late November
Tomato,Enugu,Rainy,October,29.0,246.3,High,Poor,NPK,Low,Optimal,76,75,December,Late December
Yam,Ogun,Rainy,March,26.4,228.1,Low,Fair,NPK,Low,Early,264,293,January,Early January
Yam,Oyo,Rainy,July,30.4,216.7,Medium,Poor,No Fertilizer,Medium,Late,267,315,May,Late May
Maize,Enugu,Rainy,April,29.5,219.1,Medium,Poor,Urea,Low,Optimal,103,103,July,Late July
Maize,Enugu,Rainy,June,26.9,221.1,Medium,Fair,NPK,Low,Optimal,102,99,September,Late September
Maize,Taraba,Rainy,June,28.4,116.8,Medium,Poor,NPK,Low,Optimal,118,114,October,Early October
Cassava,Ogun,Rainy,June,24.3,258.7,High,Good,NPK,Medium,Early,298,311,April,Late April
Cassava,Oyo,Rainy,October,25.8,175.4,High,Fair,NPK,Low,Optimal,362,359,October,Early October
Cassava,Ogun,Rainy,April,26.1,195.7,Medium,Poor,Organic Manure,Medium,Optimal,278,292,February,Early February
Maize,Plateau,Dry,March,27.0,5.0,Low,Fair,Urea,Medium,Optimal,113,115,July,Early July
Cassava,Ogun,Rainy,May,28.0,229.4,High,Poor,Organic Manure,Medium,Optimal,351,363,May,Mid May
Maize,Taraba,Rainy,April,28.7,203.4,Low,Good,Organic Manure,Low,Optimal,113,118,August,Mid August
Tomato,Ondo,Rainy,October,24.4,249.8,Low,Good,NPK,Medium,Optimal,96,100,January,Late January
Yam,Ogun,Dry,February,26.7,6.0,Low,Poor,No Fertilizer,Medium,Late,251,299,December,Early December
Maize,Plateau,Rainy,May,25.2,203.6,High,Poor,No Fertilizer,Low,Early,117,133,September,Late September
Cassava,Ondo,Rainy,September,27.0,238.0,High,Good,NPK,High,Late,334,357,September,Early September
Cassava,Ondo,Rainy,October,29.0,192.5,High,Fair,Organic Manure,Low,Optimal,346,350,September,Late September
Tomato,Ogun,Rainy,November,26.2,224.5,Medium,Fair,Urea,Medium,Early,89,89,February,Mid February
Ewedu,Niger,Rainy,October,30.3,85.6,Medium,Fair,Urea,Medium,Early,38,38,November,Late November
Tomato,Ogun,Rainy,June,27.6,225.7,High,Good,Organic Manure,Medium,Optimal,94,91,September,Mid September
Cassava,Ondo,Rainy,April,29.8,202.9,Medium,Good,Urea,Medium,Optimal,325,333,March,Mid March
Cassava,Ogun,Rainy,April,27.0,180.2,High,Fair,Organic Manure,Low,Late,336,327,March,Early March
Yam,Enugu,Dry,December,28.5,13.6,Medium,Good,NPK,Medium,Late,231,238,August,Early August
Ewedu,Benue,Rainy,July,30.4,152.1,High,Poor,NPK,Low,Optimal,39,37,August,Late August
Cassava,Oyo,Rainy,March,27.6,204.6,High,Fair,Urea,Low,Optimal,334,327,February,Early February
Ewedu,Enugu,Rainy,May,24.3,199.7,High,Fair,Urea,Medium,Optimal,35,38,June,Late June
Maize,Kaduna,Rainy,June,30.1,142.3,High,Fair,Urea,Medium,Early,111,114,October,Early October
Ewedu,Ogun,Rainy,March,27.1,236.9,High,Fair,Urea,Medium,Late,39,41,April,Late April
Yam,Oyo,Dry,February,32.5,11.4,Low,Good,NPK,Medium,Optimal,253,280,November,Late November
Tomato,Taraba,Rainy,July,26.7,182.8,High,Poor,No Fertilizer,Medium,Optimal,78,87,October,Early October
Yam,Taraba,Dry,November,28.6,9.2,Medium,Good,Organic Manure,Low,Optimal,258,244,July,Mid July
Cassava,Enugu,Rainy,October,30.2,172.0,Medium,Fair,Urea,High,Optimal,305,343,September,Late September
Cassava,Benue,Rainy,April,33.2,188.1,High,Fair,NPK,Medium,Optimal,281,287,January,Late January
Tomato,Oyo,Rainy,August,23.7,254.4,High,Good,Organic Manure,High,Optimal,79,82,November,Early November
Maize,Kaduna,Rainy,June,29.3,200.6,High,Good,NPK,Low,Early,104,99,September,Late September
Maize,Niger,Dry,January,29.5,5.0,Medium,Good,NPK,Low,Late,108,111,May,Early May
Yam,Enugu,Rainy,July,29.5,240.4,High,Poor,No Fertilizer,Medium,Late,233,265,April,Early April
Maize,Ogun,Rainy,March,27.6,187.1,High,Poor,Urea,Medium,Optimal,111,115,July,Early July
Yam,Kano,Dry,December,26.6,56.3,Low,Poor,Organic Manure,High,Optimal,204,252,August,Late August
Maize,Oyo,Rainy,May,27.9,208.9,High,Fair,No Fertilizer,Medium,Optimal,115,122,September,Mid September
Yam,Niger,Rainy,August,28.5,148.3,Medium,Fair,Urea,High,Late,202,215,March,Mid March
Ewedu,Benue,Rainy,September,29.1,150.8,High,Fair,Urea,Low,Optimal,34,33,October,Mid October
Cassava,Enugu,Rainy,June,25.8,301.0,High,Good,Organic Manure,Medium,Optimal,303,311,April,Late April
Cassava,Enugu,Rainy,June,29.3,175.6,High,Good,Organic Manure,Low,Optimal,341,343,May,Late May
Tomato,Ogun,Rainy,August,29.7,200.3,Medium,Fair,Organic Manure,Medium,Early,81,83,November,Early November
Ewedu,Kano,Rainy,August,31.7,121.2,High,Good,NPK,Low,Optimal,38,35,September,Mid September
Maize,Benue,Rainy,June,27.8,219.0,Low,Fair,Organic Manure,Medium,Optimal,115,127,October,Mid October
Tomato,Taraba,Rainy,October,26.5,207.4,High,Poor,No Fertilizer,Low,Early,77,77,December,Late December
Cassava,Oyo,Rainy,April,27.1,224.7,High,Good,NPK,Low,Optimal,334,329,March,Early March
Maize,Niger,Rainy,August,32.7,209.5,High,Fair,Organic Manure,Medium,Optimal,97,102,November,Late November
Cassava,Enugu,Dry,December,25.4,21.2,Low,Poor,Urea,Medium,Late,341,372,December,Late December
Maize,Plateau,Dry,October,20.6,15.4,Low,Fair,NPK,Low,Late,114,116,February,Early February
Maize,Plateau,Rainy,July,23.4,229.1,Low,Fair,NPK,Low,Optimal,108,112,November,Early November
Tomato,Enugu,Dry,January,24.7,43.4,Low,Fair,NPK,Low,Early,96,100,April,Late April
Yam,Plateau,Dry,February,22.9,14.4,Low,Good,Urea,Medium,Optimal,201,238,October,Early October
Maize,Kaduna,Dry,December,22.7,5.0,Low,Good,Organic Manure,Low,Early,114,112,April,Early April
Ewedu,Benue,Rainy,April,27.4,175.8,High,Fair,NPK,Medium,Late,31,31,May,Mid May
Cassava,Enugu,Dry,January,23.8,67.7,Medium,Fair,NPK,Low,Late,303,310,November,Mid November
Yam,Taraba,Dry,December,25.4,72.0,Medium,Good,No Fertilizer,Medium,Optimal,180,181,June,Mid June
Maize,Ondo,Dry,January,27.5,16.2,Low,Fair,Organic Manure,Low,Optimal,120,118,May,Mid May
Tomato,Benue,Dry,November,29.1,90.0,Low,Fair,NPK,Low,Optimal,85,94,February,Mid February
Cassava,Oyo,Rainy,September,29.1,116.4,Medium,Poor,Organic Manure,High,Late,299,359,September,Early September
Yam,Oyo,Rainy,April,27.9,149.8,High,Poor,Organic Manure,Low,Optimal,194,200,November,Early November
Tomato,Ogun,Rainy,October,26.8,188.9,High,Fair,Organic Manure,Medium,Optimal,95,97,January,Mid January
Yam,Niger,Rainy,August,29.7,139.0,High,Good,NPK,High,Late,258,282,May,Late May
Cassava,Enugu,Dry,March,30.1,14.0,Medium,Good,Urea,Medium,Late,297,317,January,Late January
Yam,Enugu,Dry,March,31.4,90.0,Low,Fair,NPK,High,Early,185,222,October,Late October
Tomato,Benue,Dry,January,26.5,17.5,Low,Poor,Organic Manure,High,Optimal,83,96,April,Mid April
Tomato,Kano,Rainy,June,31.1,121.9,High,Good,NPK,High,Optimal,98,103,September,Late September
Yam,Taraba,Dry,November,29.1,20.0,Low,Good,NPK,High,Optimal,254,288,August,Late August
Yam,Oyo,Rainy,March,25.4,179.3,Low,Good,Organic Manure,High,Early,206,238,November,Early November
Cassava,Oyo,Rainy,March,28.2,200.1,Medium,Good,NPK,Medium,Optimal,279,272,December,Mid December
Ewedu,Oyo,Rainy,June,28.3,184.4,Medium,Fair,NPK,Low,Optimal,37,37,July,Late July
Ewedu,Enugu,Rainy,April,31.2,196.3,Low,Fair,NPK,High,Optimal,41,46,May,Late May
Yam,Oyo,Dry,November,26.8,9.5,High,Good,Organic Manure,Low,Optimal,250,251,July,Late July
Yam,Enugu,Dry,February,31.3,5.0,Low,Good,Organic Manure,Low,Optimal,201,212,September,Mid September
Ewedu,Benue,Rainy,July,33.3,207.6,High,Fair,Urea,Medium,Early,44,46,August,Late August
Tomato,Taraba,Dry,December,26.1,5.5,Low,Fair,NPK,Medium,Optimal,80,84,March,Early March
Yam,Benue,Rainy,April,28.4,263.3,Low,Good,NPK,Low,Optimal,264,272,January,Mid January
Maize,Taraba,Rainy,April,26.9,162.0,High,Fair,NPK,Low,Optimal,107,104,July,Late July
Tomato,Benue,Rainy,August,27.6,89.5,High,Fair,NPK,Low,Optimal,90,92,November,Mid November
Yam,Enugu,Rainy,July,26.1,230.5,High,Fair,NPK,High,Late,237,267,April,Early April
Tomato,Ogun,Rainy,August,24.3,239.0,High,Good,Organic Manure,Medium,Optimal,85,86,November,Early November
Yam,Enugu,Dry,January,24.2,79.2,High,Good,NPK,Medium,Early,225,230,September,Early September
Tomato,Enugu,Rainy,September,27.4,250.9,High,Good,NPK,Low,Early,86,83,December,Early December
Ewedu,Benue,Dry,March,33.1,36.6,High,Good,Urea,Low,Optimal,34,33,April,Mid April
Yam,Niger,Dry,March,33.7,9.7,Low,Poor,Urea,Medium,Early,222,248,November,Mid November
Maize,Niger,Rainy,September,29.2,119.4,High,Fair,NPK,Medium,Late,90,90,December,Mid December
Cassava,Enugu,Rainy,October,30.2,202.3,Medium,Fair,NPK,Medium,Early,355,340,September,Mid September
Yam,Ondo,Rainy,June,25.9,167.7,High,Good,NPK,High,Late,201,216,January,Mid January
Tomato,Kaduna,Dry,October,29.7,5.0,Medium,Good,No Fertilizer,Medium,Optimal,81,85,January,Early January
Yam,Benue,Dry,November,30.6,16.5,Low,Fair,NPK,Low,Optimal,217,233,July,Early July
Tomato,Kaduna,Rainy,July,26.5,138.8,High,Good,Organic Manure,Medium,Optimal,98,97,October,Mid October
Tomato,Plateau,Dry,December,17.6,68.1,Medium,Poor,Organic Manure,High,Early,76,89,March,Mid March
Cassava,Oyo,Rainy,April,28.8,131.7,High,Fair,NPK,Low,Late,328,338,March,Mid March
Yam,Oyo,Rainy,April,27.4,255.2,Medium,Good,Urea,Low,Optimal,237,243,December,Mid December
Maize,Ondo,Rainy,April,26.1,235.0,High,Good,NPK,Medium,Optimal,100,92,July,Mid July
Yam,Enugu,Rainy,May,28.3,209.4,High,Fair,Organic Manure,Low,Early,208,224,December,Late December
Yam,Enugu,Rainy,April,29.3,221.2,High,Good,NPK,Low,Early,241,243,December,Mid December
Yam,Ogun,Rainy,March,26.7,201.1,High,Poor,Organic Manure,High,Late,201,238,November,Early November
Ewedu,Kaduna,Dry,April,33.2,14.8,Low,Fair,Organic Manure,Low,Late,30,35,May,Mid May
Maize,Enugu,Rainy,June,27.9,259.5,High,Good,Organic Manure,Medium,Early,104,106,September,Late September
Ewedu,Ogun,Rainy,June,29.6,226.8,Medium,Fair,NPK,Medium,Late,36,39,July,Late July
Yam,Ogun,Rainy,March,28.0,244.3,High,Fair,NPK,Medium,Optimal,207,223,October,Late October
Ewedu,Ondo,Dry,January,23.3,15.9,Medium,Good,Urea,Low,Late,33,33,February,Mid February
Ewedu,Ondo,Rainy,March,27.5,301.9,Medium,Good,Organic Manure,Medium,Optimal,37,33,April,Mid April
Cassava,Oyo,Dry,January,27.3,36.9,Low,Poor,NPK,Low,Early,274,278,October,Mid October
Yam,Niger,Rainy,October,30.5,110.3,Medium,Fair,Organic Manure,Medium,Late,264,288,July,Late July
Maize,Kano,Dry,April,37.5,9.0,Low,Fair,Organic Manure,Medium,Late,100,107,July,Late July
Yam,Benue,Dry,February,29.8,5.0,Low,Fair,NPK,High,Optimal,265,307,December,Mid December
Maize,Niger,Dry,March,33.6,5.0,Low,Good,NPK,Medium,Optimal,117,127,July,Mid July
Maize,Niger,Rainy,May,31.8,161.2,High,Fair,NPK,Low,Optimal,107,109,September,Early September
Cassava,Ondo,Rainy,June,28.2,275.7,High,Poor,NPK,Low,Optimal,303,308,April,Mid April
Maize,Kaduna,Rainy,June,24.2,127.4,High,Fair,Organic Manure,Medium,Optimal,113,115,October,Early October
Maize,Kano,Rainy,September,28.5,77.5,High,Good,NPK,Low,Late,103,103,December,Late December
Maize,Kaduna,Dry,December,25.0,5.0,Low,Good,Urea,Low,Late,97,107,April,Early April
Yam,Benue,Dry,December,29.9,42.4,Low,Good,NPK,Low,Optimal,266,283,September,Late September
Cassava,Benue,Rainy,October,32.3,161.5,Medium,Fair,NPK,Low,Optimal,364,364,October,Mid October
Tomato,Plateau,Dry,December,18.1,27.5,Low,Good,NPK,Medium,Early,82,87,March,Mid March
Cassava,Kaduna,Dry,April,36.5,14.8,Medium,Fair,Organic Manure,Low,Optimal,349,386,May,Early May
Yam,Benue,Dry,March,33.3,19.3,Low,Poor,Urea,Low,Optimal,240,243,November,Mid November
Tomato,Benue,Rainy,May,29.1,247.3,Low,Fair,No Fertilizer,Low,Late,91,102,August,Late August
Yam,Benue,Dry,December,25.7,5.0,Low,Fair,NPK,Medium,Early,198,230,August,Early August
Cassava,Oyo,Rainy,March,28.2,229.7,High,Good,NPK,High,Late,316,359,March,Early March
Ewedu,Niger,Dry,February,28.4,40.6,Low,Good,NPK,Low,Late,34,37,March,Late March
Maize,Kaduna,Dry,April,33.6,28.3,Low,Fair,Urea,Low,Optimal,112,117,August,Early August
Yam,Oyo,Dry,November,28.7,5.0,High,Poor,Organic Manure,Medium,Early,225,236,July,Early July
Tomato,Ogun,Rainy,July,27.1,208.1,Medium,Fair,NPK,High,Early,84,95,October,Mid October
Maize,Oyo,Rainy,May,26.3,195.3,High,Good,Organic Manure,High,Early,91,94,August,Mid August
Tomato,Taraba,Dry,December,28.4,20.3,High,Good,Organic Manure,Medium,Optimal,93,93,March,Mid March
Yam,Enugu,Dry,January,28.6,14.2,Low,Good,NPK,Low,Optimal,224,235,September,Early September
Cassava,Oyo,Rainy,April,30.4,264.3,High,Poor,Organic Manure,Medium,Optimal,299,309,February,Mid February
Yam,Niger,Dry,December,27.4,5.0,Low,Good,NPK,Low,Optimal,212,223,July,Late July
Maize,Benue,Rainy,August,30.6,122.5,Medium,Poor,Organic Manure,Medium,Optimal,87,91,November,Mid November
Tomato,Kaduna,Dry,December,23.6,31.9,Low,Good,NPK,Medium,Optimal,98,106,March,Late March
Maize,Kaduna,Rainy,June,26.0,140.5,Medium,Good,Urea,Low,Optimal,103,103,September,Late September
Yam,Benue,Rainy,April,29.3,226.1,Low,Fair,NPK,Low,Optimal,191,202,November,Early November
Tomato,Taraba,Dry,November,30.4,13.2,Low,Fair,Organic Manure,Medium,Optimal,87,94,February,Mid February
Ewedu,Benue,Dry,March,33.7,9.8,Low,Fair,Organic Manure,High,Optimal,44,52,May,Early May
Yam,Enugu,Dry,March,31.4,27.8,Low,Fair,NPK,Medium,Early,195,205,October,Early October
Maize,Niger,Dry,March,38.1,50.4,Low,Fair,Urea,Medium,Optimal,107,115,July,Early July
Maize,Plateau,Dry,October,21.8,72.9,Low,Fair,Urea,High,Early,90,101,January,Late January
Tomato,Kaduna,Dry,November,26.9,67.8,Medium,Fair,Urea,Medium,Optimal,93,99,February,Late February
Maize,Kaduna,Rainy,August,26.8,189.3,Medium,Fair,Urea,Low,Early,101,104,November,Late November
Ewedu,Ogun,Rainy,September,28.8,210.6,High,Fair,No Fertilizer,Low,Optimal,42,43,October,Late October
Yam,Niger,Dry,December,21.4,9.4,Low,Poor,No Fertilizer,Medium,Optimal,232,292,October,Early October
Ewedu,Plateau,Rainy,August,22.2,265.6,Medium,Poor,No Fertilizer,Medium,Optimal,39,45,September,Late September
Yam,Benue,Rainy,April,31.8,111.8,Low,Fair,Organic Manure,Medium,Optimal,202,226,November,Late November
Maize,Benue,Rainy,June,31.8,185.5,Medium,Good,NPK,Medium,Late,98,101,September,Late September
Yam,Enugu,Rainy,September,29.2,221.2,High,Good,Organic Manure,Low,Early,249,250,May,Late May
Maize,Enugu,Rainy,June,28.8,143.5,High,Poor,Urea,Medium,Early,93,100,September,Late September
Cassava,Enugu,Dry,February,27.9,36.9,Low,Good,Organic Manure,Low,Late,292,289,November,Late November
Ewedu,Benue,Dry,March,35.3,11.9,Medium,Good,Organic Manure,Low,Early,38,41,April,Late April
Ewedu,Taraba,Rainy,July,32.2,237.8,High,Poor,NPK,Medium,Optimal,33,28,August,Mid August
Yam,Niger,Dry,November,30.6,5.0,Low,Fair,Urea,Low,Optimal,249,275,August,Mid August
Ewedu,Ogun,Rainy,June,26.0,209.6,High,Good,Organic Manure,Low,Optimal,38,36,July,Late July
Tomato,Taraba,Rainy,June,27.2,102.8,High,Good,NPK,Medium,Early,95,92,September,Mid September
Yam,Oyo,Rainy,March,26.0,187.4,Medium,Fair,NPK,Low,Early,204,198,September,Late September
Maize,Kaduna,Dry,December,24.1,23.6,Medium,Poor,Urea,High,Optimal,105,120,April,Mid April
Ewedu,Kano,Rainy,September,30.3,80.5,High,Fair,Urea,Low,Optimal,35,34,October,Mid October
Yam,Oyo,Dry,November,28.1,5.0,High,Good,Organic Manure,Low,Late,220,235,July,Early July
Ewedu,Ogun,Rainy,April,27.9,197.8,Medium,Good,NPK,Medium,Early,35,38,May,Late May
Tomato,Enugu,Dry,December,25.5,50.8,Low,Fair,No Fertilizer,Low,Optimal,92,101,March,Late March
Tomato,Oyo,Rainy,August,27.8,113.9,Medium,Fair,NPK,Medium,Optimal,76,77,October,Late October
Tomato,Benue,Rainy,June,31.5,205.4,High,Good,NPK,Medium,Optimal,79,81,September,Early September
Ewedu,Ogun,Rainy,August,28.3,215.2,High,Fair,No Fertilizer,Low,Early,44,45,September,Late September
Yam,Benue,Rainy,October,31.0,101.8,High,Fair,NPK,High,Late,185,208,May,Mid May
Tomato,Plateau,Dry,October,22.6,5.3,Low,Poor,Urea,Medium,Optimal,92,105,January,Late January
Yam,Benue,Rainy,July,25.7,125.9,High,Fair,No Fertilizer,Low,Late,267,283,April,Late April
Tomato,Niger,Dry,February,30.0,14.1,Medium,Fair,No Fertilizer,Low,Late,97,100,May,Late May
Yam,Niger,Dry,November,29.2,35.5,Low,Fair,NPK,Low,Optimal,235,251,July,Late July
Yam,Oyo,Rainy,April,27.1,199.5,Medium,Fair,Urea,Low,Optimal,193,187,October,Mid October
Cassava,Ondo,Rainy,March,28.2,386.5,Medium,Good,No Fertilizer,Low,Optimal,297,299,January,Early January
Ewedu,Taraba,Rainy,October,27.8,189.1,Medium,Fair,Urea,Low,Optimal,32,30,November,Mid November
Ewedu,Kano,Rainy,September,30.0,60.0,High,Good,Urea,Low,Optimal,40,40,October,Late October
Cassava,Benue,Dry,December,26.6,8.0,Low,Fair,No Fertilizer,Medium,Early,354,358,December,Early December
Ewedu,Benue,Rainy,May,29.1,225.9,High,Fair,Urea,Medium,Late,42,42,June,Late June
Tomato,Taraba,Rainy,June,29.0,153.6,High,Fair,NPK,High,Optimal,100,109,October,Early October
Tomato,Taraba,Dry,December,25.2,14.6,Medium,Fair,NPK,Low,Optimal,99,98,March,Late March
Ewedu,Ogun,Rainy,August,28.1,151.9,High,Fair,NPK,Low,Late,37,38,September,Late September
Tomato,Taraba,Rainy,July,28.8,154.1,High,Fair,NPK,High,Early,93,97,October,Mid October
Ewedu,Niger,Dry,March,35.6,6.1,Low,Fair,NPK,Low,Optimal,43,46,April,Late April
Cassava,Benue,Rainy,October,30.1,218.9,Medium,Fair,NPK,Low,Optimal,303,309,August,Mid August
Cassava,Niger,Rainy,October,28.0,203.0,High,Good,Urea,Low,Optimal,308,308,August,Mid August
Ewedu,Taraba,Rainy,May,28.3,267.4,Medium,Good,NPK,High,Early,38,40,June,Late June
Cassava,Benue,Rainy,April,26.9,270.8,High,Poor,Urea,High,Early,359,388,May,Early May
Yam,Ogun,Dry,January,25.5,17.1,Medium,Fair,No Fertilizer,Low,Optimal,229,228,August,Late August
Cassava,Ogun,Rainy,March,28.7,195.8,Medium,Poor,No Fertilizer,Medium,Optimal,364,410,April,Late April
Yam,Niger,Dry,February,31.5,15.1,Low,Fair,No Fertilizer,Medium,Optimal,229,251,October,Late October
Ewedu,Niger,Rainy,May,32.4,166.9,Medium,Good,NPK,Low,Early,39,34,June,Mid June
Ewedu,Ogun,Rainy,September,29.7,289.9,High,Poor,Urea,Medium,Early,31,30,October,Mid October
Yam,Benue,Dry,March,34.5,5.0,Medium,Good,NPK,Low,Optimal,227,231,November,Early November
Cassava,Ondo,Rainy,May,24.2,241.1,High,Good,Organic Manure,Low,Optimal,287,272,February,Mid February
Ewedu,Ogun,Rainy,June,27.8,237.1,High,Good,Organic Manure,High,Optimal,40,40,July,Late July
Maize,Benue,Dry,February,29.5,90.0,Low,Fair,Urea,High,Late,95,111,June,Early June
Maize,Kano,Dry,April,35.3,5.0,Low,Fair,NPK,Medium,Early,113,123,August,Mid August
Yam,Taraba,Dry,February,29.0,5.0,High,Poor,Organic Manure,Medium,Optimal,195,212,September,Mid September
Cassava,Ogun,Rainy,June,28.9,255.3,High,Poor,Urea,Low,Early,308,322,May,Early May
Cassava,Benue,Rainy,May,27.8,160.9,High,Fair,Urea,Low,Early,334,322,April,Early April
Yam,Ondo,Rainy,November,30.6,174.6,Medium,Fair,NPK,Low,Late,254,263,August,Early August
Maize,Oyo,Rainy,May,33.5,150.3,High,Fair,NPK,High,Optimal,96,101,August,Late August
Maize,Niger,Dry,February,31.4,29.3,Low,Fair,Urea,Medium,Late,99,107,June,Early June
Cassava,Ogun,Rainy,September,23.3,189.5,High,Fair,Organic Manure,Low,Optimal,299,297,July,Early July
Yam,Enugu,Rainy,August,31.0,265.3,High,Fair,Organic Manure,Low,Early,206,210,March,Mid March
Yam,Taraba,Dry,November,28.2,5.9,Medium,Good,Organic Manure,High,Optimal,182,198,June,Early June
Maize,Ondo,Rainy,April,27.6,213.8,Medium,Fair,Urea,Low,Early,89,87,July,Mid July
Maize,Ogun,Rainy,June,26.6,234.4,High,Fair,Urea,Low,Optimal,90,87,September,Early September
Yam,Niger,Rainy,April,32.5,194.5,High,Fair,Organic Manure,Medium,Optimal,203,227,November,Late November
Cassava,Enugu,Rainy,April,27.3,224.5,Medium,Poor,No Fertilizer,Medium,Optimal,321,351,April,Early April
Tomato,Niger,Rainy,July,29.4,216.7,High,Fair,NPK,Medium,Early,100,102,October,Late October
Tomato,Ondo,Rainy,July,24.6,322.8,Medium,Fair,No Fertilizer,Medium,Optimal,81,85,October,Early October
Maize,Niger,Rainy,April,27.2,204.6,Medium,Fair,Organic Manure,High,Optimal,98,111,August,Early August
Tomato,Plateau,Dry,November,20.7,45.3,Low,Fair,NPK,High,Optimal,91,102,February,Late February
Yam,Niger,Rainy,September,27.4,221.2,Medium,Good,NPK,Medium,Late,254,248,May,Late May
Yam,Oyo,Dry,December,26.6,17.2,Low,Good,NPK,High,Late,240,278,September,Mid September
Tomato,Taraba,Rainy,October,27.3,171.7,High,Good,NPK,Low,Optimal,87,82,January,Early January
Ewedu,Plateau,Rainy,August,26.3,154.4,High,Fair,Organic Manure,Low,Early,36,36,September,Mid September
Ewedu,Kaduna,Dry,April,34.3,41.2,Low,Poor,No Fertilizer,Low,Optimal,32,36,May,Late May
Maize,Kaduna,Dry,March,31.6,21.1,Low,Fair,Urea,High,Late,115,134,July,Late July
Ewedu,Plateau,Rainy,April,24.1,217.8,Medium,Poor,Organic Manure,Low,Optimal,42,45,May,Late May
Yam,Benue,Dry,November,31.2,13.4,Medium,Fair,Organic Manure,Low,Early,209,209,June,Mid June
Maize,Benue,Rainy,April,31.2,195.0,Medium,Poor,Urea,Medium,Late,114,119,August,Mid August
Yam,Plateau,Dry,October,21.6,43.0,Medium,Good,NPK,Medium,Optimal,206,210,May,Mid May
Ewedu,Niger,Dry,March,33.8,5.0,Low,Fair,Organic Manure,Low,Optimal,36,44,April,Late April
Yam,Taraba,Dry,February,29.0,32.6,Low,Fair,Urea,Low,Optimal,212,236,October,Early October
Yam,Benue,Dry,December,30.2,19.8,Low,Fair,Urea,Medium,Optimal,238,257,August,Late August
Ewedu,Ogun,Rainy,June,27.4,211.9,High,Good,NPK,Medium,Optimal,38,37,July,Late July
Ewedu,Plateau,Rainy,April,24.1,232.5,Medium,Good,NPK,Low,Late,42,40,May,Late May
Maize,Ondo,Rainy,May,24.2,191.9,High,Fair,NPK,Low,Early,87,86,August,Early August
Cassava,Oyo,Rainy,June,28.5,196.1,High,Good,NPK,Medium,Optimal,286,298,April,Early April
Cassava,Ogun,Rainy,September,26.8,236.6,Medium,Poor,No Fertilizer,Low,Optimal,309,342,August,Late August
Maize,Enugu,Rainy,August,27.9,302.4,High,Fair,Urea,Low,Optimal,107,103,November,Late November
Maize,Enugu,Dry,February,28.4,17.7,Low,Poor,Organic Manure,Medium,Late,104,114,June,Early June
Maize,Benue,Dry,December,28.4,27.3,Low,Poor,Urea,Medium,Early,89,89,March,Mid March
Yam,Benue,Dry,December,30.3,56.1,Low,Fair,No Fertilizer,Medium,Optimal,263,288,September,Late September
Yam,Oyo,Rainy,September,27.6,142.6,Low,Good,NPK,High,Early,247,292,July,Early July
Yam,Benue,Dry,January,30.0,62.1,Low,Fair,No Fertilizer,Medium,Optimal,243,282,October,Late October
Tomato,Benue,Rainy,May,28.2,260.5,High,Fair,Organic Manure,Low,Early,75,75,July,Late July
Cassava,Ondo,Rainy,April,25.4,210.1,Medium,Good,Urea,Medium,Optimal,339,357,April,Early April
Maize,Kaduna,Dry,March,32.1,5.3,Low,Good,NPK,High,Early,114,121,July,Mid July
Tomato,Enugu,Rainy,August,29.7,223.8,High,Fair,Urea,High,Optimal,78,89,November,Mid November
Tomato,Ogun,Dry,December,23.8,5.0,Low,Good,NPK,Medium,Optimal,90,94,March,Mid March
Yam,Ondo,Rainy,May,28.4,201.4,High,Good,NPK,High,Late,236,261,January,Late January
Yam,Ondo,Rainy,November,25.2,219.1,High,Fair,NPK,Low,Optimal,208,206,June,Early June
Maize,Niger,Rainy,April,29.2,86.7,High,Poor,Urea,High,Optimal,111,124,August,Mid August
Tomato,Taraba,Rainy,August,28.4,200.1,High,Poor,Organic Manure,Medium,Optimal,97,95,November,Mid November
Cassava,Ondo,Rainy,May,27.7,253.7,Medium,Good,NPK,Low,Late,332,349,April,Late April
Tomato,Ogun,Rainy,June,27.5,268.4,High,Good,Organic Manure,Medium,Early,98,98,September,Late September
Cassava,Enugu,Rainy,October,31.7,136.4,High,Fair,NPK,Medium,Late,363,399,November,Mid November
Cassava,Enugu,Rainy,June,28.2,215.2,High,Fair,No Fertilizer,Medium,Late,301,315,April,Late April
Ewedu,Plateau,Rainy,September,23.5,193.0,Medium,Fair,NPK,High,Optimal,35,39,October,Late October
Yam,Ogun,Rainy,November,24.8,205.9,Medium,Good,Urea,Medium,Optimal,195,201,June,Early June
Yam,Benue,Dry,November,33.5,5.6,Low,Fair,NPK,Medium,Optimal,209,226,June,Late June
Cassava,Oyo,Rainy,October,28.5,221.5,High,Good,NPK,High,Optimal,342,384,November,Early November
Tomato,Oyo,Dry,December,27.7,16.2,Low,Fair,NPK,High,Optimal,91,114,April,Early April
Maize,Enugu,Rainy,August,28.9,191.3,Medium,Poor,NPK,Medium,Optimal,112,108,December,Early December
Maize,Ogun,Dry,January,26.0,8.1,Low,Fair,No Fertilizer,High,Early,107,124,May,Mid May
Maize,Kaduna,Rainy,May,29.0,210.8,High,Fair,Urea,High,Optimal,105,112,September,Early September
Ewedu,Enugu,Rainy,June,28.9,256.2,High,Poor,Organic Manure,Low,Late,38,41,July,Late July
Ewedu,Oyo,Rainy,May,29.1,299.4,High,Poor,NPK,Low,Optimal,37,38,June,Late June
Maize,Benue,Dry,March,34.3,34.4,Low,Poor,Organic Manure,Medium,Early,96,103,June,Late June
Tomato,Taraba,Rainy,October,30.1,157.6,High,Poor,Organic Manure,High,Early,77,85,January,Early January
Maize,Benue,Rainy,May,31.0,217.3,High,Poor,No Fertilizer,Medium,Optimal,109,120,September,Mid September
Tomato,Kaduna,Rainy,July,31.3,122.8,Medium,Poor,Organic Manure,Low,Optimal,84,86,October,Early October
Tomato,Benue,Rainy,August,32.3,167.5,Medium,Fair,Urea,Low,Optimal,76,76,October,Late October
Maize,Kano,Dry,December,26.8,19.3,Medium,Fair,Urea,Medium,Early,114,120,April,Mid April
Tomato,Oyo,Rainy,August,28.1,180.0,High,Good,NPK,Low,Optimal,81,77,October,Late October
Cassava,Enugu,Rainy,October,28.6,203.9,High,Good,Organic Manure,Medium,Optimal,364,376,October,Late October
Ewedu,Taraba,Rainy,July,29.8,184.2,High,Fair,No Fertilizer,Low,Optimal,30,31,August,Mid August
Yam,Kano,Rainy,August,30.4,136.6,High,Good,Urea,Low,Early,229,234,April,Early April
Maize,Kano,Dry,December,21.9,5.0,Low,Poor,Organic Manure,Low,Late,113,121,April,Mid April
Tomato,Ogun,Dry,December,26.4,61.5,Low,Good,NPK,High,Optimal,80,89,March,Mid March
Maize,Ondo,Rainy,May,26.2,257.9,High,Good,Organic Manure,Medium,Early,106,106,August,Late August
Cassava,Ogun,Rainy,July,26.4,209.5,High,Fair,Urea,High,Late,327,365,July,Mid July
Yam,Benue,Dry,March,35.0,9.0,Low,Fair,No Fertilizer,Medium,Early,240,266,December,Early December
Ewedu,Ondo,Rainy,March,28.1,208.2,High,Poor,No Fertilizer,Low,Optimal,32,32,April,Mid April
Yam,Taraba,Dry,January,24.2,34.5,Low,Fair,Organic Manure,Low,Optimal,204,230,September,Early September
Tomato,Plateau,Rainy,August,21.0,185.9,High,Good,Urea,Low,Late,93,94,November,Mid November
Cassava,Kaduna,Dry,January,26.1,8.3,Low,Fair,Urea,Low,Late,306,330,December,Early December
Tomato,Kano,Dry,October,30.5,17.5,Low,Good,NPK,Medium,Late,93,105,January,Late January
Ewedu,Taraba,Rainy,May,27.1,128.4,Low,Fair,NPK,Medium,Optimal,35,39,June,Late June
Tomato,Taraba,Dry,November,28.5,18.3,Low,Poor,No Fertilizer,High,Optimal,86,103,February,Late February
Tomato,Plateau,Dry,December,19.7,64.5,Low,Fair,Urea,Low,Early,76,85,March,Early March
Yam,Oyo,Rainy,May,32.2,178.7,Medium,Fair,Urea,Medium,Late,239,241,January,Mid January
Cassava,Benue,Rainy,April,28.6,148.3,Medium,Good,NPK,High,Early,274,282,January,Late January
Tomato,Plateau,Dry,March,26.9,5.0,Low,Good,NPK,Medium,Early,93,103,June,Late June
Maize,Taraba,Rainy,April,29.7,113.3,High,Good,Organic Manure,Medium,Optimal,103,103,July,Late July
Tomato,Benue,Rainy,August,30.3,226.7,High,Good,NPK,Medium,Optimal,84,80,November,Early November
Ewedu,Benue,Rainy,July,26.8,171.1,Low,Good,Urea,Medium,Optimal,43,50,September,Early September
Tomato,Taraba,Dry,November,28.2,20.6,Medium,Good,Organic Manure,High,Optimal,77,82,February,Early February
Maize,Benue,Rainy,June,29.3,128.1,Medium,Fair,Urea,Low,Early,92,97,September,Mid September
Maize,Ondo,Rainy,August,25.6,205.6,Medium,Poor,No Fertilizer,Medium,Optimal,115,135,December,Late December
Ewedu,Oyo,Rainy,May,25.1,282.9,Medium,Fair,NPK,Medium,Late,31,34,June,Mid June
Ewedu,Enugu,Rainy,May,28.5,260.5,Medium,Poor,No Fertilizer,Medium,Optimal,37,41,June,Late June
Cassava,Ogun,Rainy,October,29.7,176.6,High,Poor,No Fertilizer,High,Optimal,345,404,November,Late November
Tomato,Enugu,Dry,December,23.1,13.7,Low,Poor,NPK,High,Early,85,102,March,Late March
Tomato,Plateau,Rainy,August,22.6,128.6,Medium,Good,NPK,Low,Optimal,99,97,November,Mid November
Ewedu,Taraba,Rainy,September,27.5,130.6,High,Fair,Urea,Low,Optimal,35,35,October,Mid October
Maize,Kano,Dry,April,38.8,19.6,Low,Fair,NPK,Low,Early,108,129,August,Late August
Cassava,Benue,Rainy,April,27.8,284.7,Medium,Good,NPK,Low,Optimal,354,330,March,Mid March
Maize,Kaduna,Rainy,June,27.4,98.8,High,Fair,NPK,Medium,Optimal,96,98,September,Late September
Cassava,Ogun,Rainy,June,27.2,289.0,High,Poor,No Fertilizer,Medium,Optimal,312,337,May,Mid May
Ewedu,Kano,Rainy,August,32.2,103.5,High,Fair,Urea,High,Early,41,43,September,Late September
Cassava,Ogun,Rainy,April,27.6,233.7,Low,Fair,NPK,Medium,Optimal,291,305,February,Mid February
Ewedu,Kano,Rainy,July,31.5,76.6,Medium,Poor,NPK,Medium,Optimal,31,31,August,Mid August
Cassava,Ondo,Rainy,June,29.6,294.5,Medium,Fair,NPK,Low,Optimal,309,309,April,Mid April
Maize,Kano,Rainy,June,28.9,107.4,High,Good,NPK,Medium,Early,85,85,September,Early September
Ewedu,Enugu,Rainy,September,26.7,289.5,Low,Poor,Organic Manure,Medium,Optimal,41,45,October,Late October
Ewedu,Enugu,Rainy,September,27.7,232.4,Low,Fair,Urea,Low,Early,42,45,October,Late October
Maize,Ogun,Rainy,April,30.3,169.9,High,Good,Organic Manure,Medium,Optimal,89,87,July,Mid July
Maize,Kaduna,Dry,October,33.0,11.1,Low,Poor,Organic Manure,Low,Early,102,99,January,Late January
Maize,Benue,Rainy,June,32.5,127.0,High,Poor,No Fertilizer,Medium,Early,117,133,October,Late October
Maize,Kano,Dry,March,35.0,5.0,Low,Fair,Organic Manure,Medium,Early,107,115,July,Early July
Ewedu,Niger,Dry,February,30.5,8.2,Low,Fair,NPK,High,Late,44,52,April,Early April
Cassava,Kaduna,Dry,October,27.1,5.0,Medium,Good,Urea,Low,Optimal,355,373,October,Late October
Tomato,Kano,Dry,October,30.6,44.5,Low,Poor,No Fertilizer,Low,Optimal,79,94,January,Mid January
Yam,Kaduna,Dry,February,27.6,15.8,Low,Fair,No Fertilizer,Medium,Optimal,234,263,November,Early November
Ewedu,Kano,Rainy,September,29.2,60.0,High,Fair,NPK,Medium,Optimal,44,46,October,Late October
Ewedu,Kano,Dry,April,34.8,63.7,Low,Good,NPK,Medium,Optimal,41,44,May,Late May
Tomato,Taraba,Dry,December,26.7,5.6,Low,Fair,NPK,Medium,Optimal,80,90,March,Mid March
Maize,Kano,Rainy,June,28.1,136.4,Medium,Good,Urea,Low,Optimal,100,102,September,Late September
Cassava,Ondo,Rainy,September,28.4,311.9,Medium,Good,NPK,High,Optimal,350,377,September,Late September
Ewedu,Niger,Dry,February,28.1,8.0,Low,Fair,No Fertilizer,Low,Early,35,39,March,Late March
Cassava,Benue,Rainy,April,29.4,161.1,High,Good,NPK,Medium,Optimal,290,297,February,Early February
Yam,Ogun,Rainy,March,27.6,238.8,High,Good,NPK,Medium,Optimal,242,243,November,Mid November
Maize,Benue,Rainy,May,26.5,231.5,High,Poor,No Fertilizer,Low,Optimal,111,123,September,Mid September
Maize,Niger,Rainy,August,28.3,265.8,Medium,Good,Urea,Low,Optimal,93,91,November,Mid November
Maize,Kano,Dry,March,39.0,16.0,Low,Poor,Urea,Medium,Optimal,107,120,July,Mid July
Yam,Ogun,Rainy,March,29.5,220.2,Low,Fair,Organic Manure,High,Optimal,225,258,November,Late November
Tomato,Taraba,Rainy,September,29.3,115.8,Medium,Fair,NPK,Low,Late,85,87,December,Mid December
Tomato,Kaduna,Rainy,August,27.3,185.4,High,Fair,No Fertilizer,Medium,Optimal,88,90,November,Mid November
Maize,Ogun,Rainy,May,29.8,167.3,Medium,Poor,Urea,Low,Late,89,95,August,Mid August
Maize,Niger,Dry,March,34.8,7.9,Low,Fair,No Fertilizer,High,Early,115,137,July,Late July
Maize,Oyo,Rainy,June,28.5,193.0,Medium,Good,NPK,High,Optimal,119,128,October,Late October
Ewedu,Kano,Rainy,September,33.3,118.5,Medium,Good,Organic Manure,Medium,Early,30,29,October,Mid October
Ewedu,Kano,Rainy,September,29.7,97.6,High,Good,No Fertilizer,Medium,Optimal,44,47,November,Early November
Maize,Kano,Rainy,September,31.1,60.0,Low,Good,NPK,Medium,Optimal,93,92,December,Mid December
Maize,Benue,Rainy,April,35.0,140.8,Medium,Fair,NPK,Low,Optimal,107,114,August,Early August
Cassava,Ogun,Dry,December,25.4,10.1,Low,Fair,Organic Manure,Low,Late,313,314,October,Late October
Tomato,Taraba,Rainy,August,31.9,250.8,High,Fair,Urea,Medium,Late,92,96,November,Mid November
Cassava,Niger,Rainy,September,29.3,203.2,High,Good,Urea,Low,Optimal,328,313,July,Late July
Cassava,Ondo,Rainy,March,29.4,158.4,High,Poor,Urea,Medium,Optimal,283,289,December,Late December
Tomato,Taraba,Rainy,August,28.0,171.5,High,Fair,Organic Manure,Low,Late,92,95,November,Mid November
Cassava,Taraba,Dry,March,33.3,32.7,Low,Fair,Urea,Medium,Optimal,275,302,January,Mid January
Maize,Ogun,Rainy,August,25.3,226.3,Low,Good,No Fertilizer,Low,Early,117,117,December,Early December
Cassava,Benue,Rainy,June,33.7,122.8,Medium,Good,NPK,Medium,Optimal,348,336,May,Mid May
Cassava,Enugu,Rainy,April,29.5,286.6,Medium,Fair,NPK,High,Late,343,401,May,Late May
Cassava,Niger,Rainy,April,26.8,172.3,Medium,Fair,NPK,Low,Early,363,354,April,Early April
Cassava,Ogun,Rainy,April,30.9,268.8,High,Fair,Urea,Medium,Late,293,308,February,Mid February
Cassava,Oyo,Rainy,June,28.5,137.1,High,Good,NPK,Medium,Optimal,298,286,March,Late March
Ewedu,Niger,Rainy,April,30.8,114.4,Medium,Good,No Fertilizer,Low,Optimal,30,31,May,Mid May
Ewedu,Enugu,Dry,December,25.8,37.7,Low,Fair,NPK,Low,Late,39,46,January,Late January
Tomato,Oyo,Rainy,August,28.1,208.8,High,Fair,No Fertilizer,High,Optimal,92,104,November,Late November
Cassava,Niger,Rainy,April,29.1,174.5,High,Fair,NPK,Low,Late,297,312,February,Late February
Yam,Oyo,Dry,November,28.9,25.9,High,Fair,Urea,Medium,Optimal,214,224,June,Late June
Ewedu,Oyo,Rainy,June,29.1,184.7,High,Good,Organic Manure,Low,Early,35,34,July,Mid July
Cassava,Enugu,Rainy,April,25.8,235.8,Medium,Good,Organic Manure,High,Optimal,307,320,March,Early March
Maize,Taraba,Rainy,June,30.9,159.0,Medium,Good,NPK,Low,Early,119,115,October,Early October
Maize,Ogun,Rainy,June,25.9,120.3,High,Fair,NPK,Medium,Optimal,98,99,September,Late September
Ewedu,Oyo,Rainy,August,28.5,180.3,Medium,Good,Organic Manure,Low,Late,37,37,September,Late September
Maize,Kano,Rainy,June,29.1,102.1,High,Good,Organic Manure,High,Early,95,105,September,Late September
Cassava,Ogun,Rainy,March,25.3,265.6,High,Good,NPK,High,Optimal,292,301,January,Early January
Tomato,Benue,Rainy,October,28.9,189.0,Low,Fair,Organic Manure,High,Optimal,84,99,January,Late January
Ewedu,Taraba,Rainy,June,28.0,223.7,Low,Good,Organic Manure,High,Optimal,35,39,July,Late July
Cassava,Ogun,Rainy,May,25.5,276.3,High,Good,Organic Manure,Low,Optimal,298,279,February,Mid February
Maize,Niger,Rainy,April,29.0,178.1,Medium,Good,NPK,High,Early,92,96,July,Mid July
Yam,Oyo,Rainy,September,28.0,263.1,High,Poor,NPK,Medium,Early,203,211,April,Mid April
Maize,Kaduna,Rainy,August,26.7,135.8,Medium,Good,Organic Manure,Low,Optimal,91,82,November,Early November
Tomato,Ondo,Rainy,October,29.0,376.3,High,Good,No Fertilizer,Low,Optimal,83,84,January,Early January
Yam,Enugu,Dry,December,28.4,51.3,Low,Fair,NPK,High,Optimal,197,230,August,Early August
Yam,Niger,Dry,January,27.7,11.1,Low,Poor,No Fertilizer,Medium,Early,191,208,August,Early August
Yam,Benue,Rainy,April,31.3,299.9,Low,Good,Urea,Low,Late,198,222,November,Late November
Cassava,Enugu,Rainy,October,28.3,171.6,Medium,Good,No Fertilizer,High,Early,322,358,October,Early October
Yam,Benue,Rainy,April,31.7,217.4,High,Good,NPK,Low,Optimal,237,240,December,Mid December
Yam,Niger,Dry,February,28.8,28.3,Medium,Good,Urea,Low,Optimal,182,174,August,Early August
Yam,Oyo,Rainy,March,26.6,145.3,High,Poor,No Fertilizer,Low,Optimal,233,262,December,Early December
Maize,Niger,Rainy,August,32.2,160.9,Medium,Fair,NPK,High,Optimal,94,100,November,Late November
Ewedu,Enugu,Dry,March,32.4,39.4,Low,Poor,No Fertilizer,Medium,Optimal,31,39,April,Late April
Cassava,Ogun,Rainy,April,26.5,283.7,Low,Good,Urea,Low,Optimal,336,323,March,Early March
Yam,Niger,Dry,January,25.1,5.0,Low,Good,Organic Manure,High,Optimal,233,263,October,Early October
Ewedu,Oyo,Rainy,July,31.3,201.5,Low,Fair,No Fertilizer,Low,Late,38,41,August,Late August
Maize,Taraba,Rainy,June,26.0,220.3,High,Fair,NPK,Low,Late,115,113,October,Early October
Cassava,Benue,Rainy,May,29.4,185.6,High,Fair,No Fertilizer,Medium,Optimal,277,290,March,Early March
Yam,Benue,Dry,January,27.0,29.5,Low,Fair,Urea,Low,Optimal,186,200,August,Early August
Yam,Enugu,Dry,February,27.6,46.0,Low,Good,NPK,Low,Optimal,236,242,October,Mid October
Ewedu,Niger,Rainy,April,30.4,194.3,High,Fair,Organic Manure,Low,Optimal,34,35,May,Mid May
Tomato,Kaduna,Dry,December,22.3,5.0,Medium,Poor,No Fertilizer,Low,Optimal,80,87,March,Mid March
Maize,Kano,Rainy,June,29.1,60.0,High,Good,NPK,Low,Optimal,100,87,September,Early September
Cassava,Kaduna,Dry,March,35.7,7.9,Low,Fair,NPK,Low,Late,273,276,December,Mid December
Maize,Enugu,Rainy,May,31.6,243.3,High,Fair,NPK,Medium,Early,111,113,September,Early September
Tomato,Plateau,Dry,December,20.0,5.0,Low,Good,NPK,Medium,Optimal,92,101,March,Late March
Cassava,Kaduna,Dry,April,33.0,5.0,Low,Poor,No Fertilizer,Low,Optimal,348,371,April,Late April
Ewedu,Taraba,Dry,February,28.3,34.1,Medium,Good,NPK,Low,Late,39,41,March,Late March
Maize,Kano,Rainy,August,29.5,165.6,High,Good,NPK,Medium,Late,113,121,December,Mid December
Ewedu,Taraba,Rainy,September,28.4,60.0,High,Poor,No Fertilizer,High,Optimal,42,47,November,Early November
Ewedu,Ogun,Rainy,June,28.1,283.0,Medium,Good,Organic Manure,Low,Optimal,33,33,July,Mid July
Yam,Ogun,Rainy,July,27.7,257.8,High,Good,NPK,Medium,Early,183,186,January,Mid January
Tomato,Enugu,Dry,November,32.6,44.3,Low,Fair,Organic Manure,Medium,Late,76,85,February,Early February
Maize,Ogun,Rainy,August,28.0,277.0,Low,Fair,NPK,Low,Optimal,92,93,November,Mid November
Cassava,Benue,Rainy,September,28.3,158.2,High,Poor,Organic Manure,Medium,Early,285,289,July,Early July
Tomato,Enugu,Dry,November,28.2,6.6,Low,Fair,Urea,Low,Late,86,97,February,Mid February
Tomato,Taraba,Rainy,October,31.4,184.7,High,Good,NPK,Low,Optimal,86,83,January,Early January
Maize,Niger,Rainy,August,32.5,81.0,High,Poor,No Fertilizer,Medium,Late,111,120,December,Mid December
Yam,Enugu,Rainy,April,25.4,269.8,High,Good,Organic Manure,High,Optimal,195,213,November,Mid November
Ewedu,Ogun,Rainy,April,25.1,248.5,High,Fair,NPK,High,Early,33,33,May,Mid May
Yam,Oyo,Dry,January,27.6,7.5,Low,Fair,NPK,Medium,Optimal,224,248,September,Mid September
Tomato,Plateau,Dry,December,18.5,23.3,Low,Poor,Urea,Medium,Optimal,77,86,March,Mid March
Yam,Benue,Rainy,August,31.2,230.8,Medium,Poor,Organic Manure,Low,Late,233,246,April,Mid April
Tomato,Plateau,Rainy,April,23.0,194.9,High,Good,NPK,Medium,Early,98,101,July,Late July
Maize,Oyo,Rainy,June,30.2,301.4,High,Fair,Organic Manure,Low,Optimal,101,101,September,Late September
Ewedu,Ondo,Rainy,April,24.3,206.4,High,Fair,NPK,Low,Optimal,45,42,May,Late May
Ewedu,Enugu,Rainy,September,27.6,117.8,Medium,Good,NPK,High,Optimal,32,36,October,Late October
Tomato,Kaduna,Rainy,September,29.0,168.0,Medium,Fair,NPK,Medium,Optimal,81,80,December,Early December
Yam,Kaduna,Dry,December,23.3,5.0,Low,Good,Organic Manure,Low,Late,269,290,October,Early October
Yam,Ondo,Dry,December,24.1,5.5,Medium,Fair,Urea,High,Optimal,233,248,August,Mid August
Cassava,Ondo,Rainy,September,26.5,245.6,High,Fair,NPK,Low,Late,331,333,August,Mid August
Tomato,Kaduna,Dry,December,22.9,5.8,Low,Fair,Organic Manure,Low,Optimal,91,98,March,Late March
Maize,Plateau,Rainy,April,22.7,223.0,Low,Fair,Urea,Low,Early,115,116,August,Early August
Maize,Enugu,Dry,March,32.5,28.0,Low,Fair,Urea,Low,Optimal,89,92,June,Mid June
Tomato,Taraba,Rainy,August,27.5,261.8,Medium,Good,NPK,Medium,Early,99,99,November,Late November
Maize,Niger,Rainy,May,28.5,193.5,Medium,Poor,No Fertilizer,Medium,Optimal,97,109,September,Early September
Maize,Kano,Rainy,August,31.5,76.6,Medium,Fair,Urea,High,Late,120,132,December,Late December
Yam,Oyo,Dry,December,23.1,18.4,Low,Poor,Organic Manure,Low,Optimal,207,225,July,Late July
Yam,Ondo,Rainy,October,24.1,252.3,Medium,Poor,Organic Manure,Medium,Late,243,259,July,Early July
Maize,Kano,Rainy,August,30.4,75.0,High,Fair,Urea,Low,Optimal,108,108,December,Early December
Ewedu,Ondo,Rainy,August,27.1,254.6,Medium,Fair,NPK,Medium,Optimal,41,43,September,Late September
Ewedu,Plateau,Rainy,June,23.3,154.6,Medium,Poor,Urea,Medium,Optimal,33,35,July,Mid July
Cassava,Ogun,Rainy,October,26.9,220.7,High,Good,No Fertilizer,Medium,Early,359,364,October,Mid October
Cassava,Oyo,Rainy,March,28.3,201.4,Medium,Fair,NPK,Low,Optimal,286,281,December,Late December
Tomato,Enugu,Dry,December,23.3,9.3,Medium,Fair,Organic Manure,Low,Optimal,82,84,March,Early March
Tomato,Kano,Rainy,August,30.3,65.8,Medium,Fair,Urea,Medium,Optimal,91,93,November,Mid November
Cassava,Niger,Rainy,April,32.0,223.2,High,Fair,NPK,High,Optimal,300,318,February,Late February
Tomato,Enugu,Rainy,July,30.2,202.7,High,Fair,No Fertilizer,Medium,Optimal,86,92,October,Mid October
Tomato,Taraba,Dry,December,24.6,19.3,Low,Fair,NPK,Low,Optimal,76,78,March,Early March
Cassava,Enugu,Rainy,April,31.4,196.9,High,Fair,Urea,Medium,Optimal,335,350,March,Late March
Yam,Kaduna,Dry,October,28.7,5.0,Low,Poor,NPK,Medium,Late,230,263,July,Early July
Tomato,Enugu,Rainy,May,31.4,172.6,Low,Good,NPK,Medium,Optimal,97,103,August,Late August
Maize,Taraba,Rainy,August,30.4,176.4,Medium,Good,Organic Manure,High,Optimal,106,114,December,Early December
Yam,Benue,Dry,February,31.1,26.9,Low,Fair,Urea,Medium,Optimal,216,239,October,Mid October
Cassava,Ondo,Rainy,October,27.4,185.3,Low,Poor,Organic Manure,Medium,Optimal,279,280,July,Late July
Ewedu,Kano,Dry,May,35.1,13.0,Low,Poor,Urea,Medium,Optimal,40,48,July,Early July
Tomato,Plateau,Rainy,August,23.5,164.4,High,Good,Organic Manure,Medium,Late,94,96,November,Mid November
Yam,Oyo,Dry,January,26.7,56.9,Low,Good,Urea,Low,Optimal,239,261,October,Early October
Ewedu,Oyo,Rainy,March,30.1,232.1,Medium,Good,Organic Manure,Low,Late,43,42,April,Late April
Tomato,Kaduna,Dry,November,25.2,12.5,Low,Good,Organic Manure,Medium,Optimal,85,91,February,Mid February
Maize,Kano,Dry,March,35.2,49.3,Low,Good,NPK,Low,Optimal,87,84,June,Early June
Ewedu,Kaduna,Dry,April,31.8,10.6,Low,Poor,No Fertilizer,Medium,Optimal,31,38,May,Late May
Tomato,Benue,Rainy,July,31.6,153.0,High,Good,NPK,Medium,Optimal,97,95,October,Mid October
Tomato,Plateau,Rainy,June,20.5,243.2,Medium,Poor,Organic Manure,Medium,Optimal,94,98,September,Late September
Ewedu,Benue,Rainy,July,33.7,194.6,High,Poor,No Fertilizer,Medium,Late,43,50,September,Early September
Cassava,Oyo,Rainy,April,28.2,205.8,High,Good,Organic Manure,High,Early,322,361,April,Mid April
Ewedu,Kano,Rainy,July,26.2,123.6,High,Fair,Organic Manure,Medium,Optimal,38,38,August,Late August
Yam,Ogun,Dry,December,29.3,31.3,Low,Good,NPK,Medium,Optimal,258,292,October,Early October
Yam,Oyo,Dry,February,26.1,13.1,Low,Fair,Urea,Medium,Optimal,242,281,November,Late November
Maize,Plateau,Dry,March,25.2,52.5,Low,Good,Urea,Low,Early,100,103,June,Late June
Yam,Ogun,Rainy,November,27.1,225.5,Low,Poor,NPK,Medium,Optimal,256,274,August,Mid August
Yam,Oyo,Dry,December,26.1,8.1,Low,Fair,No Fertilizer,Medium,Optimal,258,295,October,Early October
Maize,Ogun,Rainy,April,29.5,174.1,Medium,Good,NPK,Low,Late,109,106,July,Late July
Tomato,Kaduna,Dry,November,27.0,41.4,Medium,Good,Urea,Medium,Optimal,95,104,February,Late February
Cassava,Benue,Rainy,September,28.4,240.1,Medium,Poor,Urea,Low,Early,310,313,July,Late July
Cassava,Enugu,Rainy,June,27.0,169.2,Medium,Fair,NPK,High,Optimal,321,325,May,Early May
Yam,Ondo,Rainy,March,24.1,259.2,High,Fair,Urea,Medium,Early,199,216,October,Mid October
Yam,Taraba,Rainy,April,27.8,121.3,Medium,Poor,NPK,Low,Optimal,201,192,October,Late October
Maize,Ogun,Dry,February,29.9,14.9,High,Good,Organic Manure,High,Late,104,113,June,Early June
Maize,Ogun,Rainy,March,27.0,217.1,High,Fair,Organic Manure,High,Early,99,112,July,Early July
Cassava,Oyo,Rainy,October,28.2,170.5,High,Fair,Organic Manure,High,Optimal,323,359,October,Early October
Maize,Ondo,Rainy,June,28.2,222.6,Medium,Good,Organic Manure,Low,Late,113,114,October,Early October
Yam,Oyo,Dry,February,25.6,5.0,Low,Good,Urea,Low,Optimal,209,233,October,Early October
Yam,Benue,Dry,March,34.8,19.1,Low,Good,NPK,High,Early,193,229,October,Late October
Tomato,Taraba,Rainy,August,29.2,127.1,High,Poor,No Fertilizer,Low,Optimal,83,88,November,Mid November
Ewedu,Niger,Rainy,September,31.7,168.9,High,Fair,Urea,Medium,Early,33,34,October,Mid October
Tomato,Niger,Rainy,July,33.6,134.2,Medium,Good,NPK,Low,Late,82,87,October,Early October
Yam,Taraba,Dry,November,27.9,23.3,Medium,Good,NPK,High,Optimal,267,270,August,Mid August
Ewedu,Ondo,Rainy,May,31.7,280.8,High,Poor,Urea,Medium,Optimal,42,43,June,Late June
Ewedu,Niger,Rainy,August,28.2,138.5,High,Fair,Urea,Medium,Early,34,37,September,Late September
Tomato,Ondo,Rainy,August,27.3,213.1,Low,Good,NPK,Low,Optimal,93,98,November,Late November
Ewedu,Niger,Rainy,April,29.1,212.9,High,Fair,Organic Manure,Low,Early,40,41,May,Late May
Ewedu,Kaduna,Dry,April,33.2,46.6,Low,Poor,No Fertilizer,High,Early,38,50,June,Early June
Cassava,Benue,Dry,March,34.6,17.1,Low,Poor,Organic Manure,Medium,Early,300,309,January,Mid January
Cassava,Niger,Rainy,September,31.5,217.1,High,Fair,NPK,Low,Optimal,339,336,August,Mid August
Cassava,Benue,Dry,November,27.6,11.0,Medium,Good,Urea,High,Late,297,335,October,Mid October
Tomato,Enugu,Rainy,August,29.7,177.0,Low,Fair,NPK,High,Early,81,95,November,Mid November
Maize,Kano,Dry,April,35.4,90.0,Low,Good,NPK,High,Optimal,99,115,August,Early August
Maize,Oyo,Rainy,August,31.0,123.0,High,Poor,No Fertilizer,Medium,Optimal,87,95,November,Mid November
Maize,Ogun,Rainy,August,29.6,383.8,Medium,Fair,Urea,High,Optimal,90,98,November,Late November
Ewedu,Ogun,Rainy,July,26.2,196.9,High,Fair,NPK,High,Optimal,33,35,August,Mid August
Maize,Ondo,Rainy,March,26.0,196.8,Low,Fair,Urea,Low,Optimal,92,91,June,Mid June
Maize,Oyo,Rainy,March,28.2,207.4,High,Good,Organic Manure,Low,Optimal,116,117,July,Early July
Cassava,Enugu,Rainy,June,29.5,189.0,Medium,Fair,Urea,Medium,Early,345,347,May,Late May
Tomato,Taraba,Rainy,October,26.7,156.2,Low,Poor,No Fertilizer,Medium,Early,82,100,January,Late January
Tomato,Plateau,Rainy,April,19.5,255.3,High,Poor,No Fertilizer,Low,Late,99,110,August,Early August
Ewedu,Taraba,Rainy,June,27.2,139.4,High,Good,Organic Manure,Low,Optimal,43,41,July,Late July
Yam,Benue,Rainy,April,31.9,129.6,Medium,Good,Organic Manure,High,Late,231,260,December,Late December
Tomato,Plateau,Rainy,June,17.2,176.6,High,Poor,NPK,Medium,Optimal,92,95,September,Mid September
Tomato,Taraba,Rainy,June,29.3,147.7,Medium,Fair,Urea,Low,Optimal,86,84,September,Early September
Ewedu,Kaduna,Rainy,August,27.8,108.9,High,Good,NPK,Medium,Early,37,38,September,Late September
Ewedu,Ogun,Rainy,July,26.3,263.4,Medium,Fair,Urea,Low,Optimal,37,37,August,Late August
Tomato,Ondo,Dry,December,27.6,36.5,Low,Fair,NPK,High,Early,76,88,March,Mid March
Yam,Benue,Dry,November,29.4,12.9,Low,Good,Organic Manure,Medium,Optimal,256,286,August,Late August
Cassava,Enugu,Dry,March,29.7,30.9,Medium,Poor,Organic Manure,Medium,Early,326,343,February,Late February
Tomato,Ogun,Rainy,October,24.4,196.3,Low,Good,NPK,Medium,Optimal,100,108,January,Late January
Ewedu,Plateau,Rainy,August,22.6,226.6,Medium,Fair,Organic Manure,Low,Optimal,40,38,September,Late September
Cassava,Oyo,Rainy,September,25.4,157.8,Medium,Good,NPK,Low,Early,309,289,July,Early July
Cassava,Ogun,Rainy,September,27.9,306.3,High,Fair,Organic Manure,Medium,Early,360,367,September,Mid September
Cassava,Oyo,Rainy,October,27.2,229.7,Medium,Poor,No Fertilizer,Low,Optimal,275,306,August,Mid August
Maize,Ondo,Rainy,June,29.3,257.9,High,Fair,No Fertilizer,Low,Optimal,93,94,September,Mid September
Ewedu,Ondo,Rainy,September,27.5,213.6,High,Fair,NPK,High,Optimal,31,37,October,Late October
Yam,Niger,Rainy,June,30.1,209.7,Medium,Fair,NPK,Medium,Late,183,196,December,Late December
Maize,Kaduna,Dry,April,37.0,5.0,Medium,Fair,NPK,Low,Optimal,92,96,July,Mid July
Maize,Niger,Rainy,June,29.0,177.5,Medium,Fair,NPK,Low,Optimal,114,121,October,Mid October
Cassava,Ogun,Rainy,May,28.3,270.1,High,Fair,Urea,High,Early,271,304,March,Mid March
Tomato,Taraba,Rainy,October,31.6,267.3,Low,Fair,Urea,Low,Late,84,99,January,Late January
Maize,Ogun,Rainy,April,27.3,194.8,Medium,Good,NPK,High,Optimal,98,102,July,Late July
Yam,Benue,Rainy,July,27.5,165.0,Medium,Poor,Organic Manure,High,Late,209,241,March,Mid March
Cassava,Plateau,Rainy,April,24.3,238.3,Low,Fair,Urea,Medium,Optimal,339,338,March,Mid March
Tomato,Plateau,Rainy,July,25.3,182.2,High,Good,Urea,Medium,Optimal,96,97,October,Mid October
Maize,Benue,Rainy,June,30.0,205.4,High,Good,Organic Manure,Low,Late,85,85,September,Early September
Yam,Oyo,Rainy,April,26.7,161.2,High,Fair,NPK,Low,Optimal,265,275,January,Mid January
Cassava,Ogun,Rainy,September,29.0,214.5,Medium,Fair,Urea,High,Optimal,344,395,October,Mid October
Maize,Plateau,Rainy,April,25.8,260.7,High,Good,Organic Manure,Medium,Optimal,107,111,August,Early August
Cassava,Enugu,Rainy,May,29.3,211.4,High,Fair,NPK,Medium,Optimal,340,352,May,Early May
Cassava,Oyo,Rainy,September,28.8,296.0,High,Good,NPK,Low,Optimal,349,318,July,Late July
Maize,Niger,Dry,March,38.7,18.7,Low,Good,NPK,Low,Optimal,86,88,June,Mid June
Ewedu,Benue,Rainy,September,32.0,205.5,High,Fair,Organic Manure,High,Early,32,38,October,Late October
Cassava,Ogun,Rainy,April,30.7,222.5,High,Fair,NPK,Low,Optimal,292,294,February,Early February
Ewedu,Enugu,Rainy,September,29.7,165.8,Medium,Good,Organic Manure,High,Early,39,42,October,Late October
Maize,Kaduna,Rainy,August,28.7,146.6,Medium,Fair,NPK,Low,Late,96,102,November,Late November
Yam,Oyo,Rainy,July,24.1,159.8,Medium,Good,NPK,Medium,Late,258,259,March,Late March
Cassava,Benue,Rainy,September,30.8,203.4,High,Poor,No Fertilizer,Medium,Optimal,358,393,October,Mid October
Tomato,Taraba,Rainy,October,29.3,111.5,Low,Fair,NPK,High,Early,82,95,January,Mid January
Tomato,Ogun,Rainy,August,29.1,275.3,Medium,Fair,No Fertilizer,Low,Late,96,96,November,Mid November
Ewedu,Kano,Dry,December,25.9,7.7,Low,Fair,NPK,Low,Late,38,42,January,Late January
Cassava,Oyo,Rainy,September,27.8,193.8,Medium,Good,NPK,Medium,Optimal,323,326,August,Early August
Ewedu,Kaduna,Rainy,September,31.4,179.4,Medium,Fair,Urea,Low,Late,31,34,October,Mid October
Cassava,Benue,Rainy,June,30.4,145.2,Medium,Fair,NPK,Medium,Optimal,296,299,April,Early April
Ewedu,Oyo,Rainy,March,26.8,108.2,Medium,Fair,Urea,High,Optimal,41,47,May,Early May
Maize,Ondo,Rainy,August,24.8,300.6,Medium,Poor,Urea,Medium,Optimal,111,120,December,Mid December
Ewedu,Kaduna,Rainy,May,30.8,145.8,Medium,Fair,Organic Manure,Low,Late,40,41,June,Late June
Yam,Benue,Dry,March,35.0,42.6,Low,Good,NPK,Medium,Optimal,233,250,November,Mid November
Maize,Kano,Rainy,June,28.6,75.7,High,Poor,No Fertilizer,Low,Early,97,103,September,Late September
Ewedu,Kano,Dry,April,36.6,18.1,Low,Fair,NPK,Low,Early,32,41,May,Late May
Ewedu,Enugu,Rainy,September,29.1,299.9,Medium,Fair,Organic Manure,Medium,Optimal,35,34,October,Mid October
Tomato,Kano,Dry,December,25.2,17.2,Low,Fair,Organic Manure,Low,Optimal,89,93,March,Mid March
Ewedu,Ogun,Rainy,September,26.2,161.7,Medium,Poor,No Fertilizer,Medium,Optimal,31,32,October,Mid October
Tomato,Oyo,Dry,November,29.8,51.3,Low,Good,Organic Manure,Low,Optimal,87,90,February,Mid February
Yam,Ogun,Dry,December,22.5,12.0,Medium,Poor,NPK,Medium,Optimal,231,224,July,Late July
Tomato,Ogun,Rainy,July,26.1,184.3,High,Fair,Urea,Low,Optimal,96,99,October,Late October
Yam,Niger,Dry,November,33.4,5.0,Low,Poor,Urea,High,Optimal,256,297,September,Early September
Cassava,Ondo,Rainy,October,25.7,278.4,High,Fair,Urea,Medium,Optimal,284,289,July,Late July
Maize,Ogun,Rainy,April,24.8,221.2,Medium,Good,NPK,Medium,Optimal,105,102,July,Late July
Tomato,Oyo,Dry,November,28.3,42.7,Medium,Fair,NPK,High,Optimal,89,98,February,Late February
Ewedu,Ogun,Rainy,May,27.6,216.7,Medium,Fair,NPK,High,Optimal,39,42,June,Late June
Tomato,Kano,Rainy,July,28.8,123.5,Medium,Fair,NPK,High,Optimal,85,92,October,Mid October
Cassava,Kaduna,Dry,October,22.5,7.3,Low,Fair,NPK,Low,Optimal,318,321,September,Early September
Tomato,Niger,Dry,November,30.8,13.7,Low,Good,NPK,Low,Early,88,91,February,Mid February
Cassava,Benue,Rainy,October,32.5,154.3,Medium,Fair,Urea,Medium,Optimal,344,366,October,Mid October
Ewedu,Oyo,Rainy,April,29.9,167.8,Medium,Good,Organic Manure,Medium,Optimal,37,35,May,Mid May
Cassava,Oyo,Rainy,May,30.4,160.1,Medium,Good,NPK,Medium,Optimal,301,306,March,Mid March
Tomato,Plateau,Dry,February,21.4,90.0,Medium,Poor,NPK,Medium,Early,81,82,May,Early May
Maize,Enugu,Rainy,April,32.3,209.0,Medium,Poor,Organic Manure,Low,Optimal,110,108,August,Early August
Tomato,Taraba,Dry,November,30.5,8.5,Low,Fair,Organic Manure,Medium,Optimal,77,85,February,Early February
Maize,Kano,Dry,March,36.7,21.5,Low,Fair,Urea,Medium,Late,113,128,July,Late July
Yam,Plateau,Dry,February,25.4,5.0,Low,Poor,Urea,Medium,Optimal,206,224,September,Late September
Tomato,Ogun,Rainy,August,28.3,208.8,High,Fair,Urea,High,Optimal,81,88,November,Mid November
Ewedu,Enugu,Rainy,May,28.9,322.8,High,Fair,NPK,Medium,Late,37,42,June,Late June
Yam,Oyo,Dry,February,27.7,23.1,Medium,Fair,NPK,Low,Optimal,269,255,October,Late October
Cassava,Niger,Rainy,April,30.1,217.1,High,Poor,NPK,Medium,Optimal,332,336,March,Mid March
Maize,Benue,Dry,December,28.6,81.6,Low,Fair,NPK,High,Early,100,108,April,Early April
Tomato,Taraba,Rainy,October,29.9,186.4,High,Good,NPK,Medium,Optimal,82,83,January,Early January
Yam,Niger,Dry,January,27.0,27.0,Low,Poor,No Fertilizer,Low,Early,209,249,September,Mid September
Ewedu,Kano,Dry,May,40.0,13.0,Low,Good,NPK,Low,Optimal,33,38,June,Late June
Maize,Plateau,Rainy,June,23.3,220.4,Medium,Good,NPK,Low,Optimal,111,104,September,Late September
Ewedu,Taraba,Rainy,August,26.5,106.9,Medium,Fair,Urea,Low,Optimal,38,36,September,Mid September
Maize,Benue,Rainy,May,29.6,327.8,Medium,Poor,No Fertilizer,Low,Early,90,97,August,Mid August
Maize,Plateau,Rainy,August,23.2,268.8,High,Good,No Fertilizer,High,Optimal,99,114,December,Early December
Cassava,Niger,Dry,March,35.4,36.7,Low,Fair,NPK,Low,Optimal,305,311,January,Mid January
Yam,Taraba,Dry,November,28.0,7.9,Medium,Poor,NPK,Medium,Optimal,206,212,June,Mid June
Tomato,Plateau,Rainy,July,24.5,175.0,High,Fair,Urea,Medium,Optimal,76,77,September,Late September
Yam,Taraba,Dry,November,27.9,5.6,Low,Good,Organic Manure,High,Optimal,201,235,July,Early July
Cassava,Enugu,Rainy,June,31.2,209.5,High,Fair,NPK,High,Optimal,309,340,May,Late May
Maize,Ondo,Rainy,September,27.9,214.3,Low,Fair,Organic Manure,High,Optimal,110,125,January,Mid January
Ewedu,Taraba,Rainy,September,30.2,199.7,High,Fair,No Fertilizer,High,Optimal,31,35,October,Mid October
Cassava,Ogun,Rainy,September,29.0,306.9,High,Fair,No Fertilizer,High,Early,360,404,October,Late October
Maize,Plateau,Rainy,August,21.1,229.0,High,Good,NPK,Medium,Optimal,88,87,November,Early November
Yam,Enugu,Dry,November,32.3,39.2,Low,Good,NPK,Medium,Optimal,232,260,August,Early August
Maize,Kaduna,Dry,April,33.2,5.0,Low,Good,NPK,Low,Optimal,97,89,July,Mid July
Yam,Oyo,Rainy,April,29.8,198.5,High,Good,Urea,Low,Late,256,276,January,Mid January
Maize,Oyo,Rainy,August,32.6,216.6,Medium,Fair,No Fertilizer,Medium,Optimal,117,120,December,Mid December
Ewedu,Oyo,Rainy,July,29.9,184.8,Medium,Poor,No Fertilizer,Low,Optimal,36,40,August,Late August
Maize,Kano,Dry,February,33.1,5.0,Medium,Fair,Organic Manure,Low,Late,117,126,June,Mid June
Tomato,Plateau,Dry,November,22.7,11.4,Low,Fair,Organic Manure,Low,Late,75,82,February,Early February
Cassava,Ogun,Dry,February,26.0,29.3,Medium,Fair,Urea,Low,Optimal,302,310,December,Late December
Yam,Oyo,Rainy,March,30.2,191.9,Low,Fair,Urea,Low,Early,262,290,December,Late December
Maize,Enugu,Dry,February,23.4,5.6,Low,Good,NPK,Medium,Optimal,96,93,May,Mid May
Yam,Niger,Rainy,May,30.5,153.6,High,Fair,Organic Manure,Medium,Late,202,224,December,Late December
Cassava,Ondo,Rainy,May,25.9,195.9,Medium,Fair,NPK,High,Optimal,286,304,March,Mid March
Tomato,Taraba,Rainy,June,27.7,195.3,Medium,Good,Organic Manure,Low,Optimal,86,88,September,Mid September
Ewedu,Ogun,Rainy,April,27.9,276.7,Medium,Fair,Urea,Medium,Late,31,34,May,Mid May
Tomato,Ogun,Rainy,November,25.9,181.2,High,Fair,No Fertilizer,Medium,Late,79,83,February,Early February
Yam,Enugu,Dry,December,24.5,18.4,Low,Good,NPK,Medium,Optimal,240,266,September,Early September
Cassava,Oyo,Rainy,June,26.8,138.7,Medium,Fair,No Fertilizer,Low,Late,321,320,May,Early May
Tomato,Ogun,Rainy,October,28.9,219.7,High,Good,NPK,Low,Optimal,93,92,January,Mid January
Yam,Benue,Dry,November,32.6,42.9,Medium,Poor,No Fertilizer,High,Optimal,216,265,August,Early August
Tomato,Oyo,Rainy,June,25.5,275.2,High,Fair,NPK,Medium,Optimal,89,96,September,Mid September
Cassava,Ogun,Dry,December,26.4,71.8,Medium,Good,Organic Manure,High,Optimal,279,298,October,Early October
Yam,Kaduna,Dry,December,23.9,46.9,Low,Poor,No Fertilizer,Medium,Early,225,251,August,Late August
Yam,Plateau,Dry,December,18.9,7.3,Low,Poor,No Fertilizer,High,Optimal,246,307,October,Mid October
Maize,Ondo,Rainy,November,26.4,201.7,High,Poor,Organic Manure,High,Optimal,94,108,March,Early March
Tomato,Kaduna,Rainy,July,26.5,196.3,Medium,Good,NPK,High,Late,77,82,October,Early October
Ewedu,Plateau,Rainy,September,22.3,248.0,Medium,Fair,Organic Manure,Medium,Optimal,40,40,October,Late October
Yam,Enugu,Dry,November,30.0,54.0,Low,Fair,No Fertilizer,High,Early,235,261,August,Early August
Cassava,Benue,Rainy,May,29.5,159.7,Medium,Fair,Urea,High,Early,347,362,May,Mid May
Cassava,Benue,Rainy,May,31.9,221.9,Medium,Good,NPK,Medium,Optimal,312,299,March,Early March
Cassava,Benue,Dry,March,36.7,5.9,Low,Fair,Urea,Low,Early,330,370,March,Mid March
Ewedu,Ondo,Rainy,March,26.4,301.7,High,Good,NPK,Medium,Early,41,40,April,Late April
Ewedu,Ondo,Rainy,July,28.3,265.4,Medium,Fair,NPK,Medium,Optimal,40,42,August,Late August
Maize,Niger,Dry,February,29.6,5.6,Low,Good,Urea,Low,Optimal,88,91,May,Mid May
Cassava,Oyo,Rainy,April,29.1,204.6,High,Fair,NPK,Medium,Early,335,344,March,Late March
Maize,Enugu,Dry,March,34.3,13.6,Low,Fair,NPK,Low,Early,92,99,June,Late June
Yam,Oyo,Rainy,March,28.3,112.4,Low,Good,NPK,Low,Optimal,228,235,November,Early November
Tomato,Kaduna,Dry,December,25.1,21.8,Low,Poor,NPK,Medium,Optimal,95,108,April,Early April
Tomato,Kaduna,Rainy,August,26.3,201.8,Medium,Fair,NPK,Medium,Optimal,82,83,November,Early November
Cassava,Benue,Rainy,September,26.6,240.6,High,Good,NPK,Low,Optimal,321,308,July,Mid July
Yam,Ondo,Rainy,November,24.2,276.0,Low,Fair,Urea,High,Optimal,270,312,September,Late September
Yam,Niger,Dry,November,31.7,11.9,Low,Poor,No Fertilizer,Low,Early,181,205,June,Early June
Ewedu,Plateau,Dry,March,27.5,16.8,Low,Fair,Organic Manure,Medium,Optimal,30,33,April,Mid April
Maize,Kaduna,Rainy,May,26.2,203.8,High,Poor,Organic Manure,Low,Early,105,103,August,Late August
Maize,Ondo,Rainy,September,26.3,183.4,Medium,Fair,Organic Manure,Medium,Late,104,110,January,Early January
Yam,Benue,Dry,January,27.1,5.0,Medium,Good,NPK,Low,Optimal,240,220,August,Late August
Maize,Taraba,Rainy,June,27.7,193.2,Medium,Fair,Organic Manure,Low,Optimal,101,101,September,Late September
Tomato,Oyo,Dry,November,27.0,7.7,Low,Fair,NPK,Medium,Optimal,88,104,February,Late February
Yam,Oyo,Dry,November,28.3,19.9,Medium,Poor,No Fertilizer,Low,Early,232,262,August,Early August
Yam,Oyo,Rainy,April,28.0,162.2,High,Fair,NPK,Low,Optimal,256,275,January,Mid January
Maize,Kano,Dry,April,39.2,43.3,Low,Poor,Organic Manure,Low,Optimal,92,97,July,Late July
Tomato,Taraba,Dry,January,23.1,8.8,Low,Good,NPK,Low,Late,82,91,April,Mid April
Ewedu,Taraba,Rainy,June,26.9,214.2,High,Fair,No Fertilizer,High,Early,30,31,July,Mid July
Ewedu,Ogun,Rainy,May,28.7,213.7,High,Fair,No Fertilizer,Medium,Optimal,36,37,June,Late June
Yam,Enugu,Rainy,October,27.7,208.6,Medium,Good,NPK,Medium,Early,267,255,June,Late June
Maize,Ondo,Rainy,March,29.4,223.2,Low,Good,NPK,Low,Late,107,104,June,Late June
Cassava,Ogun,Rainy,October,27.2,208.5,Medium,Fair,NPK,Medium,Optimal,352,350,September,Late September
Cassava,Benue,Rainy,October,27.5,204.1,High,Good,Organic Manure,Medium,Early,302,305,August,Mid August
Maize,Oyo,Rainy,March,28.1,272.9,High,Fair,Organic Manure,Medium,Early,113,116,July,Early July
Yam,Enugu,Dry,December,28.1,11.2,Low,Poor,Organic Manure,Medium,Optimal,222,252,August,Late August
Maize,Benue,Rainy,May,30.6,171.3,Medium,Fair,NPK,Low,Early,89,90,August,Mid August
Cassava,Benue,Rainy,September,29.4,159.3,High,Fair,Urea,High,Optimal,328,374,September,Late September
Tomato,Niger,Rainy,June,26.2,166.9,Medium,Fair,NPK,High,Optimal,79,88,September,Mid September
Yam,Taraba,Dry,March,32.1,17.1,Low,Fair,NPK,Medium,Late,218,262,December,Early December
Tomato,Taraba,Dry,December,28.1,20.3,Medium,Fair,No Fertilizer,High,Optimal,98,109,April,Early April
Yam,Oyo,Dry,January,24.8,5.0,Low,Good,NPK,Medium,Early,235,241,September,Mid September
Ewedu,Taraba,Rainy,May,27.1,157.5,High,Poor,NPK,Low,Optimal,38,37,June,Late June
Cassava,Ondo,Rainy,June,27.4,289.1,Medium,Fair,NPK,Low,Optimal,288,299,April,Early April
Tomato,Kaduna,Rainy,June,31.5,146.4,Medium,Good,Urea,Medium,Optimal,88,88,September,Mid September
Yam,Enugu,Dry,November,27.0,23.6,Low,Fair,Urea,Low,Early,265,276,August,Mid August
Tomato,Kaduna,Dry,October,28.6,15.4,Low,Fair,Urea,Low,Optimal,97,103,January,Late January
Ewedu,Kaduna,Rainy,May,29.3,145.3,Medium,Fair,NPK,Low,Optimal,37,39,June,Late June
Maize,Taraba,Dry,January,27.3,5.0,Medium,Good,NPK,Low,Late,106,109,May,Early May
Ewedu,Kaduna,Rainy,May,27.3,109.1,High,Fair,NPK,Medium,Optimal,35,32,June,Mid June
Maize,Plateau,Dry,March,26.8,5.0,Medium,Good,Urea,Medium,Late,90,98,June,Late June
Maize,Oyo,Rainy,April,27.3,257.6,High,Fair,NPK,Low,Optimal,114,118,August,Mid August
Ewedu,Enugu,Rainy,August,28.8,165.9,High,Fair,No Fertilizer,High,Optimal,40,44,September,Late September
Yam,Plateau,Dry,February,23.8,5.0,Low,Good,Urea,Medium,Early,242,265,November,Early November
Cassava,Oyo,Rainy,October,29.4,246.9,High,Fair,No Fertilizer,Medium,Optimal,355,353,October,Early October
Maize,Ondo,Dry,February,29.6,12.9,Low,Fair,NPK,Medium,Early,89,90,May,Mid May
Tomato,Plateau,Dry,December,17.2,31.6,Low,Poor,Organic Manure,Low,Optimal,94,102,March,Late March
Ewedu,Plateau,Rainy,August,23.9,117.6,High,Fair,NPK,High,Optimal,32,34,September,Mid September
Maize,Taraba,Rainy,May,29.4,101.9,Medium,Good,NPK,Low,Early,113,105,August,Late August
Maize,Kano,Dry,March,35.0,33.6,Low,Fair,No Fertilizer,Medium,Optimal,99,114,July,Early July
Maize,Benue,Rainy,August,28.7,124.5,Medium,Good,NPK,High,Late,102,109,December,Early December
Yam,Enugu,Dry,January,25.2,12.7,Medium,Good,No Fertilizer,Low,Late,182,188,July,Late July
Yam,Kaduna,Dry,April,34.4,5.0,Low,Poor,Organic Manure,High,Optimal,239,289,January,Late January
Yam,Benue,Rainy,April,31.0,122.1,High,Poor,No Fertilizer,Low,Optimal,246,270,January,Early January
Ewedu,Oyo,Rainy,August,26.4,231.8,Low,Good,NPK,High,Early,44,50,October,Early October
Ewedu,Oyo,Rainy,May,29.7,200.2,High,Poor,Organic Manure,Medium,Early,33,35,June,Mid June
Maize,Ondo,Rainy,June,25.9,242.9,High,Fair,Urea,Low,Optimal,99,97,September,Mid September
Maize,Oyo,Rainy,August,30.8,237.8,High,Good,NPK,Medium,Early,116,110,December,Early December
Ewedu,Ondo,Rainy,June,27.0,224.6,High,Fair,NPK,Medium,Optimal,32,33,July,Mid July
Cassava,Ondo,Rainy,September,27.8,191.5,High,Fair,Organic Manure,Low,Optimal,289,296,July,Early July
Maize,Kano,Rainy,June,29.3,102.8,High,Good,Organic Manure,Medium,Early,102,97,September,Mid September
Cassava,Niger,Rainy,April,30.3,158.1,High,Fair,NPK,Low,Optimal,334,326,March,Early March
Maize,Niger,Rainy,April,30.5,239.8,High,Fair,NPK,Low,Early,106,104,July,Late July
Maize,Kaduna,Rainy,August,26.6,135.3,High,Good,NPK,High,Late,93,100,November,Late November
Yam,Kaduna,Dry,December,28.9,72.5,Low,Fair,NPK,High,Early,198,245,August,Mid August
Maize,Benue,Rainy,August,32.0,209.6,High,Fair,Organic Manure,Low,Optimal,105,103,November,Late November
Yam,Niger,Rainy,October,28.7,204.5,Medium,Fair,NPK,Medium,Late,250,255,June,Late June
Ewedu,Benue,Rainy,May,33.3,168.7,High,Fair,Organic Manure,Low,Optimal,36,35,June,Mid June
Ewedu,Kaduna,Rainy,August,26.2,184.7,Low,Good,NPK,Medium,Optimal,31,32,September,Mid September
Ewedu,Benue,Rainy,April,26.3,191.5,Medium,Fair,No Fertilizer,High,Optimal,38,43,May,Late May
Cassava,Benue,Rainy,September,32.3,108.1,Medium,Good,Urea,Low,Optimal,298,295,July,Early July
Maize,Kaduna,Rainy,June,30.2,140.2,Medium,Good,NPK,Medium,Optimal,119,114,October,Early October
Yam,Benue,Dry,December,24.9,46.9,Low,Good,NPK,Medium,Early,218,228,July,Late July
Tomato,Niger,Rainy,August,30.8,182.4,High,Good,Urea,High,Optimal,95,111,December,Early December
Maize,Kano,Dry,April,35.8,31.4,Low,Good,NPK,Medium,Optimal,113,129,August,Late August
Yam,Enugu,Dry,March,30.1,5.0,Low,Poor,No Fertilizer,High,Optimal,221,282,December,Late December
Tomato,Kano,Dry,March,38.3,5.2,Low,Good,NPK,Low,Late,96,107,June,Late June
Tomato,Kaduna,Rainy,July,26.7,124.1,Medium,Fair,NPK,Low,Early,87,84,October,Early October
Tomato,Ondo,Rainy,June,27.2,212.8,High,Good,NPK,Low,Optimal,93,87,September,Early September
Yam,Niger,Rainy,April,29.9,241.9,Medium,Good,NPK,Medium,Late,244,243,December,Mid December
Cassava,Ogun,Dry,February,28.5,84.7,Low,Good,NPK,High,Optimal,348,367,February,Mid February
Tomato,Kaduna,Rainy,July,27.3,148.4,High,Good,NPK,Medium,Early,95,97,October,Mid October
Tomato,Plateau,Rainy,August,24.4,260.5,Medium,Good,NPK,High,Optimal,92,96,November,Mid November
Yam,Ogun,Dry,December,27.6,29.1,Low,Good,Organic Manure,Low,Optimal,251,257,August,Late August
Cassava,Ondo,Rainy,April,28.2,246.6,High,Good,Organic Manure,High,Optimal,343,344,March,Late March
Ewedu,Niger,Rainy,June,28.9,133.0,High,Fair,NPK,Medium,Early,34,36,July,Late July
Ewedu,Taraba,Rainy,May,28.7,206.0,High,Poor,Organic Manure,Low,Optimal,41,39,June,Late June
Cassava,Enugu,Rainy,October,27.5,263.0,High,Fair,NPK,Low,Late,287,308,August,Mid August
Maize,Oyo,Rainy,April,27.6,294.1,High,Fair,NPK,Medium,Optimal,120,118,August,Mid August
Tomato,Plateau,Dry,October,26.2,11.4,Medium,Good,NPK,Low,Optimal,85,78,January,Early January
Maize,Kaduna,Dry,November,28.9,19.5,Low,Fair,Organic Manure,High,Optimal,112,126,March,Late March
Yam,Enugu,Dry,February,28.0,7.3,Low,Fair,Urea,High,Optimal,227,275,November,Mid November
Maize,Ondo,Rainy,April,32.1,270.9,High,Fair,NPK,Low,Optimal,117,114,August,Early August
Tomato,Taraba,Rainy,July,31.7,164.4,Low,Fair,Organic Manure,Medium,Optimal,92,98,October,Late October
Yam,Enugu,Rainy,October,31.3,223.2,High,Fair,Urea,Medium,Late,246,262,July,Early July
Maize,Kaduna,Dry,March,33.7,44.0,Low,Poor,Organic Manure,Medium,Early,94,95,June,Mid June
Maize,Kaduna,Rainy,August,31.2,60.4,High,Fair,Urea,High,Optimal,97,102,November,Late November
Tomato,Plateau,Rainy,July,25.6,227.1,Medium,Fair,Urea,High,Optimal,92,101,October,Late October
Tomato,Kano,Rainy,August,27.4,99.5,Medium,Poor,NPK,Medium,Early,88,94,November,Mid November
Yam,Niger,Dry,November,31.5,13.2,Medium,Fair,Organic Manure,Low,Optimal,261,269,August,Mid August
Tomato,Plateau,Dry,October,22.7,32.7,Low,Good,NPK,Medium,Optimal,95,105,January,Late January
Maize,Plateau,Rainy,August,25.1,149.2,Medium,Fair,Urea,Medium,Optimal,89,94,November,Mid November
Ewedu,Ondo,Rainy,July,26.7,301.9,Medium,Poor,NPK,Medium,Optimal,38,36,August,Mid August
Maize,Plateau,Dry,March,27.8,5.0,Medium,Good,NPK,Medium,Optimal,105,105,June,Late June
Ewedu,Kaduna,Rainy,August,28.1,208.3,Medium,Fair,NPK,Low,Optimal,31,28,September,Mid September
Ewedu,Oyo,Rainy,May,29.5,203.7,Medium,Fair,NPK,Low,Early,38,38,June,Late June
Yam,Oyo,Rainy,March,25.8,180.6,High,Good,Organic Manure,Low,Optimal,262,253,November,Late November
Ewedu,Benue,Rainy,April,28.5,110.0,Medium,Fair,Urea,High,Early,33,35,May,Mid May
Ewedu,Ogun,Rainy,July,26.3,233.6,High,Fair,No Fertilizer,Low,Early,31,33,August,Mid August
Yam,Benue,Rainy,April,28.5,92.8,Medium,Fair,No Fertilizer,Low,Optimal,231,240,December,Mid December
Cassava,Niger,Rainy,October,31.3,164.5,Low,Fair,NPK,Low,Optimal,275,280,July,Late July
Tomato,Plateau,Rainy,June,23.8,171.5,Low,Fair,NPK,Medium,Late,82,91,September,Mid September
Maize,Kaduna,Dry,March,32.7,41.8,Low,Fair,Urea,Medium,Optimal,110,118,July,Mid July
Cassava,Benue,Rainy,June,29.1,200.3,High,Poor,Organic Manure,Medium,Early,338,358,June,Early June
Cassava,Kaduna,Dry,October,29.2,5.0,Low,Good,Organic Manure,Medium,Optimal,272,268,July,Early July
Ewedu,Taraba,Dry,March,32.3,20.4,Low,Good,Organic Manure,Medium,Early,44,49,May,Early May
Maize,Ondo,Rainy,July,26.6,202.5,Low,Good,NPK,Low,Late,118,126,November,Mid November
Cassava,Ogun,Rainy,June,27.3,208.7,High,Good,Organic Manure,High,Late,273,298,April,Early April
Cassava,Ogun,Rainy,September,26.9,237.6,Low,Poor,Organic Manure,Low,Optimal,328,336,August,Mid August
Yam,Benue,Dry,February,28.4,14.7,Medium,Fair,NPK,Low,Optimal,270,270,November,Mid November
Tomato,Oyo,Rainy,May,27.1,180.3,High,Poor,Urea,Low,Late,87,91,August,Mid August
Yam,Benue,Dry,March,34.7,34.6,Low,Poor,NPK,Medium,Early,264,275,December,Mid December
Yam,Niger,Rainy,May,32.0,136.0,Medium,Fair,NPK,High,Early,204,220,December,Late December
Tomato,Enugu,Dry,December,21.4,18.0,Low,Good,NPK,Medium,Optimal,92,100,March,Late March
Ewedu,Kaduna,Rainy,July,25.7,128.6,High,Good,Urea,High,Optimal,32,38,August,Late August
Yam,Oyo,Dry,January,24.6,35.3,Low,Good,No Fertilizer,Medium,Optimal,240,265,October,Early October
Tomato,Oyo,Dry,November,25.6,21.1,Low,Poor,No Fertilizer,High,Optimal,87,116,March,Mid March
Yam,Benue,Rainy,April,35.4,264.4,High,Fair,Organic Manure,High,Optimal,190,233,December,Early December
Tomato,Taraba,Rainy,October,27.5,198.0,High,Good,NPK,Medium,Optimal,77,78,January,Early January
Ewedu,Enugu,Rainy,April,27.5,207.1,Medium,Poor,Organic Manure,Low,Optimal,42,40,May,Late May
Yam,Enugu,Dry,November,29.0,10.9,Low,Poor,Organic Manure,High,Optimal,234,275,August,Mid August
Maize,Benue,Rainy,April,31.1,175.4,Medium,Fair,Urea,Low,Early,115,110,August,Early August
Maize,Oyo,Rainy,August,29.4,185.7,High,Fair,Urea,Low,Optimal,96,99,November,Late November
Ewedu,Kano,Rainy,August,32.4,99.6,Medium,Good,Organic Manure,Medium,Optimal,32,32,September,Mid September
Maize,Niger,Rainy,April,31.3,147.1,High,Good,NPK,Medium,Optimal,97,94,July,Mid July
Ewedu,Ogun,Rainy,May,28.4,172.2,Medium,Good,Urea,High,Optimal,37,44,June,Late June
Ewedu,Oyo,Rainy,September,29.5,215.1,High,Poor,No Fertilizer,Medium,Optimal,41,47,November,Early November
Tomato,Taraba,Dry,November,28.1,17.5,Low,Fair,Organic Manure,Medium,Optimal,75,88,February,Mid February
Cassava,Benue,Rainy,April,29.5,166.9,High,Good,Organic Manure,Low,Early,287,275,January,Mid January
Yam,Enugu,Dry,February,30.1,27.9,Low,Fair,NPK,Low,Optimal,180,197,August,Late August
Cassava,Oyo,Rainy,September,29.6,229.2,High,Good,Organic Manure,High,Early,298,320,August,Early August
Maize,Kano,Rainy,June,28.4,111.4,High,Good,Organic Manure,High,Optimal,117,127,October,Mid October
Tomato,Benue,Rainy,August,29.1,256.4,High,Fair,Urea,High,Optimal,90,102,November,Late November
Cassava,Kaduna,Dry,January,23.7,58.5,Low,Good,Organic Manure,Medium,Early,309,320,November,Late November
Ewedu,Niger,Rainy,August,26.3,281.3,Medium,Poor,Organic Manure,Low,Optimal,37,37,September,Late September
Cassava,Ogun,Dry,January,28.8,9.5,Low,Fair,Urea,Low,Early,295,296,November,Early November
Ewedu,Ogun,Rainy,September,26.9,200.3,Medium,Fair,NPK,High,Optimal,40,43,October,Late October
Cassava,Ogun,Rainy,June,29.8,261.3,High,Fair,NPK,Low,Optimal,318,322,May,Early May
Yam,Niger,Dry,December,28.6,9.1,Medium,Good,NPK,Low,Optimal,268,251,August,Late August
Ewedu,Kaduna,Dry,March,32.3,14.6,Low,Good,NPK,Medium,Early,31,33,April,Mid April
Ewedu,Niger,Rainy,September,30.8,261.3,Medium,Good,No Fertilizer,Medium,Optimal,37,39,October,Late October
Ewedu,Kaduna,Rainy,June,28.4,140.4,Medium,Good,No Fertilizer,Low,Optimal,41,43,July,Late July
Tomato,Plateau,Rainy,July,22.4,163.0,High,Fair,NPK,High,Early,79,86,October,Early October
Tomato,Benue,Rainy,September,31.9,170.4,Low,Fair,Organic Manure,Medium,Optimal,96,113,January,Early January
Ewedu,Plateau,Dry,January,17.0,31.9,Low,Fair,NPK,Medium,Late,34,40,February,Late February
Cassava,Niger,Rainy,April,30.3,229.4,Low,Poor,No Fertilizer,Low,Optimal,291,309,February,Mid February
Ewedu,Niger,Rainy,May,30.4,95.3,High,Good,NPK,Medium,Optimal,35,34,June,Mid June
Tomato,Plateau,Rainy,July,21.9,153.9,High,Fair,Urea,Low,Optimal,79,79,October,Early October
Tomato,Kaduna,Rainy,August,28.7,119.7,Medium,Poor,No Fertilizer,Medium,Optimal,77,89,November,Mid November
Yam,Oyo,Rainy,May,27.7,178.7,High,Fair,NPK,Low,Late,254,275,February,Mid February
Tomato,Plateau,Dry,March,29.7,23.0,Low,Good,Organic Manure,Low,Optimal,92,96,June,Mid June
Maize,Ondo,Rainy,March,26.0,346.9,High,Good,NPK,Medium,Early,86,88,June,Mid June
Tomato,Taraba,Rainy,June,32.0,158.2,High,Fair,Urea,Low,Optimal,87,87,September,Early September
Maize,Ondo,Rainy,March,26.9,279.7,High,Poor,Organic Manure,Medium,Optimal,107,110,July,Early July
Yam,Benue,Dry,December,28.2,18.3,Medium,Fair,NPK,Low,Optimal,257,263,September,Early September
Ewedu,Benue,Rainy,August,29.6,151.4,Low,Fair,Urea,Medium,Optimal,31,34,September,Mid September
Ewedu,Ondo,Dry,January,24.8,6.5,Medium,Fair,NPK,High,Late,33,39,February,Late February
Tomato,Kaduna,Rainy,August,32.1,201.5,Low,Fair,NPK,Low,Early,87,98,November,Late November
Ewedu,Benue,Rainy,May,29.6,177.6,High,Fair,Urea,Low,Optimal,35,33,June,Mid June
Ewedu,Kano,Rainy,August,24.4,98.8,High,Poor,NPK,Medium,Optimal,38,39,September,Late September
Tomato,Ondo,Dry,December,23.4,6.9,Low,Fair,NPK,Medium,Optimal,80,91,March,Mid March
Tomato,Ogun,Rainy,July,25.8,266.1,High,Fair,NPK,High,Optimal,87,96,October,Mid October
Tomato,Kaduna,Rainy,July,25.5,94.3,Medium,Good,Organic Manure,Low,Optimal,91,91,October,Mid October
Yam,Benue,Dry,December,27.0,51.9,Low,Good,NPK,Low,Optimal,195,205,July,Early July
Tomato,Taraba,Rainy,July,26.8,168.3,High,Good,NPK,Medium,Optimal,98,97,October,Mid October
Cassava,Benue,Dry,March,35.7,5.6,Low,Poor,Urea,Medium,Optimal,292,304,January,Mid January
Tomato,Ogun,Dry,February,25.4,9.1,Medium,Fair,Urea,Medium,Early,83,86,May,Mid May
Cassava,Benue,Rainy,April,29.2,165.5,High,Good,NPK,High,Optimal,345,375,April,Late April
Ewedu,Plateau,Dry,March,27.6,10.1,Low,Fair,No Fertilizer,High,Optimal,32,40,April,Late April
Maize,Kaduna,Dry,March,33.8,38.3,Low,Good,NPK,Low,Early,107,102,June,Late June
Yam,Benue,Dry,February,26.5,5.0,Low,Good,No Fertilizer,Medium,Optimal,241,272,November,Mid November
Ewedu,Ondo,Rainy,September,28.0,220.6,High,Poor,Urea,Low,Optimal,34,35,October,Mid October
Ewedu,Ondo,Rainy,June,23.5,254.4,High,Poor,No Fertilizer,Medium,Optimal,43,51,August,Early August
Maize,Ondo,Rainy,April,27.0,312.3,High,Fair,NPK,Medium,Optimal,97,100,July,Late July
Yam,Benue,Dry,December,26.0,19.7,Low,Good,Organic Manure,Low,Late,199,223,July,Late July
Cassava,Niger,Rainy,May,26.7,160.5,High,Fair,No Fertilizer,Medium,Optimal,295,308,March,Mid March
Ewedu,Kano,Rainy,July,29.7,106.4,High,Good,Urea,Medium,Late,38,41,August,Late August
Yam,Oyo,Dry,November,30.3,27.6,Low,Good,NPK,Medium,Early,265,301,September,Mid September
Ewedu,Oyo,Rainy,July,23.9,164.4,Medium,Good,Urea,Low,Late,35,33,August,Mid August
Maize,Enugu,Dry,March,30.4,14.2,Low,Fair,Organic Manure,Low,Optimal,119,125,July,Mid July
Maize,Plateau,Rainy,May,22.6,174.8,High,Fair,NPK,Medium,Early,100,105,August,Late August
Cassava,Ondo,Rainy,June,24.1,190.4,Medium,Good,Urea,High,Optimal,358,378,June,Late June
Maize,Enugu,Rainy,April,27.1,220.8,Medium,Fair,Organic Manure,High,Early,90,96,July,Mid July
Cassava,Kaduna,Rainy,May,27.8,158.0,High,Fair,Urea,Low,Optimal,300,299,March,Early March
Ewedu,Enugu,Dry,December,30.1,90.0,Low,Fair,Organic Manure,Medium,Early,43,48,February,Early February
Maize,Benue,Rainy,August,29.8,178.4,Medium,Fair,NPK,Low,Optimal,120,121,December,Mid December
Cassava,Enugu,Rainy,April,30.3,167.4,High,Poor,No Fertilizer,Low,Optimal,356,395,May,Mid May
Ewedu,Benue,Dry,February,29.7,9.3,Low,Fair,Organic Manure,High,Late,45,55,April,Early April
Maize,Niger,Rainy,August,29.9,90.9,High,Good,Organic Manure,Low,Late,93,100,November,Late November
Yam,Oyo,Rainy,March,26.6,222.2,Medium,Good,NPK,Low,Late,230,225,October,Late October
Cassava,Ogun,Rainy,September,25.1,222.7,High,Fair,Urea,Low,Optimal,353,339,August,Mid August
Yam,Ogun,Rainy,March,28.9,299.9,High,Fair,No Fertilizer,Low,Optimal,188,191,September,Late September
Maize,Taraba,Rainy,April,29.4,149.0,High,Fair,Urea,Medium,Optimal,100,107,July,Late July
Ewedu,Kaduna,Rainy,May,29.9,140.1,Medium,Good,NPK,Medium,Optimal,32,30,June,Mid June
Tomato,Enugu,Rainy,July,29.1,235.0,Medium,Poor,No Fertilizer,Low,Late,86,98,October,Late October
Ewedu,Oyo,Rainy,April,29.7,194.0,High,Good,NPK,Low,Optimal,38,40,May,Late May
Tomato,Plateau,Rainy,August,22.5,165.1,Medium,Fair,NPK,Low,Optimal,96,97,November,Mid November
Cassava,Niger,Rainy,April,28.9,167.4,High,Good,NPK,Medium,Optimal,345,331,March,Mid March
Tomato,Plateau,Rainy,May,22.8,234.4,High,Fair,NPK,Low,Early,97,98,August,Late August
Yam,Oyo,Dry,January,25.2,23.0,Medium,Fair,Urea,Low,Optimal,235,242,September,Mid September
Yam,Niger,Rainy,April,31.6,161.1,Low,Poor,No Fertilizer,Medium,Optimal,225,284,January,Late January
Maize,Plateau,Rainy,April,23.2,135.2,High,Fair,Organic Manure,Low,Optimal,103,103,July,Late July
Yam,Benue,Dry,December,28.0,38.8,Low,Fair,Urea,Medium,Optimal,244,281,September,Late September
Cassava,Benue,Rainy,October,31.1,169.0,Medium,Fair,NPK,Medium,Optimal,355,364,October,Mid October
Ewedu,Plateau,Rainy,May,22.8,289.4,High,Good,NPK,Low,Optimal,38,38,June,Late June
Maize,Benue,Dry,March,38.0,17.5,Low,Fair,Organic Manure,Medium,Optimal,102,117,July,Early July
Cassava,Ondo,Rainy,April,26.3,211.4,Medium,Poor,Organic Manure,Medium,Optimal,285,291,January,Late January
Yam,Benue,Dry,December,25.7,22.3,Low,Good,Urea,High,Early,235,294,October,Early October
Cassava,Taraba,Rainy,April,27.6,149.3,High,Poor,No Fertilizer,Low,Optimal,297,324,March,Early March
Maize,Enugu,Rainy,June,27.8,220.8,High,Fair,Urea,Medium,Optimal,100,102,September,Late September
Maize,Benue,Rainy,June,30.5,285.0,Low,Fair,Organic Manure,Low,Early,96,94,September,Mid September
Yam,Niger,Rainy,April,31.2,192.7,High,Fair,No Fertilizer,Low,Optimal,209,215,November,Mid November
Yam,Benue,Dry,February,30.4,5.0,Low,Fair,NPK,Medium,Optimal,238,268,November,Early November
Tomato,Benue,Rainy,June,29.9,125.0,High,Fair,NPK,Low,Early,88,86,September,Early September
Ewedu,Enugu,Rainy,August,25.1,183.9,High,Good,Urea,High,Late,40,47,October,Early October
Ewedu,Kaduna,Rainy,September,29.0,123.7,High,Fair,NPK,Low,Optimal,40,42,October,Late October
Ewedu,Kaduna,Dry,March,33.9,32.6,Medium,Good,NPK,Low,Late,44,43,April,Late April
Ewedu,Kaduna,Dry,January,23.7,7.3,Medium,Good,Organic Manure,Medium,Optimal,36,37,February,Late February
Tomato,Benue,Dry,December,27.0,17.6,Low,Good,Urea,Low,Optimal,88,94,March,Mid March
Tomato,Taraba,Rainy,June,27.8,132.5,High,Fair,NPK,Medium,Optimal,86,90,September,Mid September
Ewedu,Kaduna,Dry,March,32.5,18.6,Medium,Fair,NPK,Medium,Early,39,40,April,Late April
Ewedu,Oyo,Rainy,May,29.0,213.2,Low,Fair,Urea,Low,Optimal,37,40,June,Late June
Yam,Benue,Dry,February,29.7,16.7,Low,Poor,Urea,Medium,Optimal,212,230,October,Early October
Ewedu,Taraba,Rainy,April,30.0,132.0,Medium,Fair,NPK,High,Optimal,42,47,June,Early June
Ewedu,Kaduna,Rainy,July,29.3,106.6,High,Fair,Organic Manure,Medium,Optimal,30,29,August,Mid August
Yam,Niger,Dry,February,29.3,23.7,Low,Fair,Organic Manure,Medium,Optimal,195,212,September,Mid September
Ewedu,Ondo,Rainy,September,31.7,282.7,Medium,Fair,Urea,Low,Optimal,34,36,October,Late October
Cassava,Taraba,Rainy,June,27.4,111.6,Medium,Fair,NPK,Medium,Optimal,319,305,April,Mid April
Tomato,Benue,Rainy,October,28.2,230.0,Medium,Poor,Urea,Low,Early,78,74,December,Late December
Cassava,Enugu,Rainy,June,29.9,300.0,Medium,Fair,Organic Manure,Medium,Optimal,317,325,May,Early May
Maize,Niger,Dry,March,36.4,33.7,Medium,Fair,No Fertilizer,Low,Optimal,110,125,July,Mid July
Ewedu,Plateau,Rainy,August,26.8,212.0,High,Good,Urea,Low,Early,43,40,September,Late September
Cassava,Ogun,Rainy,April,25.0,245.6,High,Good,Urea,High,Optimal,277,318,February,Late February
Maize,Ondo,Rainy,November,28.7,283.4,Medium,Good,Organic Manure,Medium,Early,118,116,March,Mid March
Ewedu,Kano,Dry,March,35.9,14.0,Low,Poor,Organic Manure,Medium,Optimal,35,42,April,Late April
Cassava,Benue,Rainy,May,28.5,144.1,High,Fair,Urea,High,Optimal,328,348,April,Late April
Yam,Niger,Dry,February,31.8,58.9,Medium,Good,NPK,Low,Late,217,221,September,Late September
Tomato,Taraba,Rainy,June,27.0,157.8,Low,Fair,Organic Manure,Low,Optimal,86,99,September,Late September
Yam,Benue,Dry,March,30.6,21.9,Low,Fair,Organic Manure,Low,Optimal,247,268,December,Early December
Cassava,Enugu,Dry,November,28.8,48.8,Low,Poor,No Fertilizer,Low,Late,299,343,October,Late October
Cassava,Oyo,Rainy,October,29.1,228.6,High,Fair,NPK,High,Optimal,326,368,October,Mid October
Cassava,Ogun,Rainy,June,29.6,242.5,High,Fair,NPK,Medium,Early,298,311,April,Late April
Cassava,Enugu,Rainy,August,28.3,194.8,Low,Poor,No Fertilizer,Low,Late,364,401,September,Mid September
Yam,Niger,Rainy,April,34.9,112.6,Medium,Good,Urea,Low,Optimal,228,225,November,Late November
Maize,Enugu,Rainy,May,28.4,213.3,Medium,Fair,Organic Manure,Medium,Early,90,92,August,Mid August
Ewedu,Enugu,Rainy,September,29.8,267.8,High,Poor,Organic Manure,Medium,Optimal,36,37,October,Late October
Tomato,Benue,Rainy,July,29.2,207.2,Medium,Good,NPK,High,Late,90,103,October,Late October
Ewedu,Kano,Rainy,September,29.9,64.9,Medium,Good,NPK,Medium,Optimal,33,34,October,Mid October
Tomato,Niger,Dry,January,24.5,60.6,Low,Fair,NPK,Low,Late,85,98,April,Late April
Yam,Oyo,Dry,December,23.9,51.2,Low,Good,Urea,Low,Optimal,247,268,September,Early September
Tomato,Taraba,Rainy,August,30.5,153.5,Medium,Good,Urea,Medium,Optimal,84,87,November,Early November
Cassava,Ogun,Rainy,May,28.2,115.2,Medium,Good,Organic Manure,Low,Optimal,358,342,April,Late April
Tomato,Kaduna,Rainy,August,26.3,194.7,Medium,Poor,No Fertilizer,Low,Optimal,98,103,November,Late November
Yam,Enugu,Dry,March,32.2,45.5,Low,Poor,No Fertilizer,Medium,Early,227,269,December,Early December
Yam,Enugu,Dry,January,26.7,20.2,Low,Good,NPK,High,Early,247,275,October,Mid October
Yam,Benue,Dry,November,28.9,11.3,High,Poor,NPK,Low,Early,266,266,August,Early August
Cassava,Niger,Rainy,April,33.1,156.9,Low,Good,NPK,Medium,Optimal,341,343,March,Late March
Cassava,Taraba,Rainy,October,25.6,177.3,High,Fair,NPK,High,Early,360,395,November,Mid November
Maize,Ogun,Rainy,August,28.2,277.4,High,Fair,NPK,Low,Optimal,98,98,November,Late November
Maize,Benue,Rainy,May,31.3,83.7,High,Fair,Urea,Medium,Optimal,105,111,September,Early September
Ewedu,Niger,Dry,March,33.9,53.4,Low,Fair,NPK,Low,Optimal,37,40,April,Late April
Cassava,Oyo,Rainy,April,26.3,206.7,High,Good,NPK,High,Optimal,270,292,February,Early February
Ewedu,Plateau,Rainy,July,21.4,166.2,Medium,Good,NPK,Low,Optimal,33,31,August,Mid August
Maize,Taraba,Dry,March,33.5,5.2,Low,Fair,NPK,High,Optimal,95,108,July,Early July
Cassava,Oyo,Rainy,March,29.4,193.5,High,Good,NPK,Medium,Optimal,293,289,December,Late December
Cassava,Taraba,Rainy,May,31.5,162.0,High,Good,NPK,Low,Late,277,266,February,Early February
Tomato,Oyo,Rainy,August,27.1,228.3,Medium,Good,NPK,High,Optimal,93,100,November,Late November
Ewedu,Ondo,Rainy,September,26.9,326.8,High,Poor,No Fertilizer,High,Optimal,36,42,October,Late October
Maize,Niger,Dry,March,34.6,5.0,Low,Fair,NPK,Low,Optimal,119,126,July,Mid July
Cassava,Ogun,Rainy,April,28.1,186.7,High,Good,NPK,High,Optimal,330,380,April,Late April
Ewedu,Benue,Rainy,September,30.9,193.9,High,Good,NPK,Medium,Optimal,34,32,October,Mid October
Ewedu,Plateau,Dry,March,25.9,5.0,Low,Fair,NPK,Low,Optimal,34,35,April,Mid April
Ewedu,Niger,Rainy,September,28.3,205.4,Medium,Fair,Organic Manure,Low,Optimal,38,39,October,Late October
Ewedu,Kaduna,Rainy,May,29.5,84.5,High,Good,NPK,Medium,Optimal,37,35,June,Mid June
Tomato,Kano,Rainy,August,30.8,60.0,High,Fair,Organic Manure,High,Optimal,84,92,November,Mid November
Yam,Niger,Dry,March,36.1,23.6,Low,Good,NPK,High,Late,213,265,December,Early December
Tomato,Plateau,Rainy,July,22.0,125.6,High,Good,NPK,Medium,Optimal,80,79,October,Early October
Yam,Niger,Rainy,October,31.1,146.5,High,Good,NPK,High,Late,201,217,May,Mid May
Cassava,Oyo,Rainy,April,30.8,239.9,Medium,Fair,Urea,Low,Optimal,352,354,April,Early April
Ewedu,Enugu,Rainy,April,28.2,208.5,High,Fair,Urea,Medium,Late,36,40,May,Late May
Maize,Taraba,Rainy,April,32.3,136.3,High,Fair,Urea,Medium,Optimal,108,114,August,Early August
Maize,Taraba,Rainy,April,29.5,147.4,High,Good,Urea,Medium,Optimal,97,98,July,Late July
Tomato,Oyo,Rainy,October,28.3,268.4,High,Fair,Urea,Low,Early,81,80,January,Early January
Maize,Ogun,Rainy,August,28.7,279.4,High,Fair,Organic Manure,Medium,Optimal,106,107,November,Late November
Cassava,Enugu,Dry,March,28.1,22.7,Low,Good,Organic Manure,Medium,Late,315,323,February,Early February
Yam,Benue,Dry,November,33.2,5.6,Medium,Good,Organic Manure,Low,Optimal,199,194,May,Late May
Ewedu,Ogun,Rainy,August,28.9,263.3,Medium,Fair,Organic Manure,Low,Late,41,42,September,Late September
Ewedu,Benue,Rainy,August,29.2,197.9,Medium,Good,NPK,High,Optimal,33,37,September,Late September
Maize,Kano,Dry,March,35.9,10.3,Medium,Good,NPK,Medium,Optimal,114,115,July,Early July
Cassava,Benue,Dry,March,33.7,10.4,Medium,Fair,NPK,Medium,Optimal,309,331,February,Early February
Maize,Enugu,Rainy,May,27.5,197.9,High,Poor,No Fertilizer,Medium,Late,114,133,September,Late September
Maize,Benue,Rainy,August,28.4,122.6,Medium,Good,NPK,Low,Optimal,112,113,December,Early December
Ewedu,Enugu,Rainy,May,30.8,188.6,High,Fair,No Fertilizer,Medium,Late,42,46,June,Late June
Maize,Oyo,Rainy,May,29.4,271.4,Low,Poor,No Fertilizer,Medium,Optimal,116,128,September,Mid September
Maize,Taraba,Dry,January,26.2,14.0,Low,Fair,NPK,Low,Early,102,100,April,Late April
Yam,Ogun,Rainy,June,26.4,204.4,High,Good,NPK,Low,Late,263,272,March,Mid March
Maize,Plateau,Dry,October,23.4,6.5,Medium,Fair,NPK,Medium,Late,89,97,January,Mid January
Maize,Plateau,Rainy,April,20.9,161.6,High,Fair,No Fertilizer,High,Early,103,118,August,Mid August
Cassava,Taraba,Dry,March,33.8,55.2,Medium,Fair,Urea,Low,Optimal,332,342,February,Mid February
Maize,Ondo,Rainy,August,27.1,296.8,High,Good,NPK,Medium,Early,95,95,November,Mid November
Tomato,Taraba,Rainy,October,30.2,189.4,Medium,Good,NPK,Medium,Optimal,98,101,January,Late January
Tomato,Benue,Dry,November,28.8,11.7,Low,Fair,NPK,Low,Late,91,98,February,Late February
Maize,Ogun,Rainy,March,29.4,304.5,High,Good,Organic Manure,Medium,Late,90,94,June,Mid June
Cassava,Benue,Rainy,May,30.7,242.2,Medium,Fair,Organic Manure,Low,Optimal,360,353,May,Early May
Cassava,Ogun,Rainy,March,27.2,186.0,High,Fair,Organic Manure,Low,Late,362,375,March,Late March
Cassava,Ondo,Rainy,September,23.2,266.9,Low,Good,NPK,Low,Optimal,276,274,June,Mid June
Cassava,Ondo,Rainy,October,30.5,268.9,High,Fair,Urea,High,Late,299,343,September,Late September
Maize,Plateau,Rainy,June,26.6,98.6,Medium,Fair,NPK,Low,Optimal,89,89,September,Mid September
Maize,Plateau,Dry,March,28.6,5.0,Medium,Fair,NPK,High,Optimal,99,106,June,Late June
Tomato,Taraba,Rainy,July,33.0,165.7,High,Fair,Urea,Medium,Early,82,83,October,Early October
Maize,Oyo,Rainy,July,27.5,242.2,Medium,Fair,No Fertilizer,High,Late,106,115,November,Early November
Yam,Oyo,Dry,December,25.4,9.4,Low,Fair,Organic Manure,Low,Optimal,226,249,August,Late August
Ewedu,Ondo,Rainy,July,28.0,298.0,High,Good,NPK,Low,Optimal,36,37,August,Late August
Ewedu,Kano,Dry,March,32.5,46.2,Low,Fair,Urea,Medium,Optimal,33,35,April,Mid April
Maize,Ogun,Rainy,June,28.1,217.5,Medium,Poor,No Fertilizer,Low,Optimal,115,134,October,Late October
Tomato,Kaduna,Dry,December,23.8,8.0,Low,Poor,NPK,Medium,Optimal,93,100,March,Late March
Cassava,Kaduna,Dry,March,35.1,5.0,Low,Good,NPK,Medium,Optimal,341,354,March,Early March
Cassava,Oyo,Rainy,October,27.4,271.8,High,Good,NPK,Medium,Late,353,356,October,Early October
Cassava,Ogun,Rainy,June,27.1,268.2,Medium,Good,NPK,Low,Optimal,290,277,March,Mid March
Ewedu,Kano,Rainy,June,32.6,107.2,High,Poor,Organic Manure,Medium,Optimal,40,40,July,Late July
Yam,Enugu,Dry,November,26.7,10.4,Low,Poor,Organic Manure,High,Optimal,241,285,August,Late August
Yam,Niger,Dry,March,35.9,6.3,Medium,Fair,No Fertilizer,High,Optimal,187,221,October,Late October
Cassava,Enugu,Rainy,May,31.7,175.3,Medium,Good,NPK,High,Optimal,323,347,April,Late April
Cassava,Ogun,Rainy,September,29.3,144.6,High,Fair,Organic Manure,Low,Early,304,326,August,Early August
Tomato,Taraba,Rainy,August,28.9,129.4,Medium,Good,NPK,Medium,Optimal,91,89,November,Mid November
Ewedu,Ogun,Rainy,July,25.5,278.8,High,Fair,Urea,Low,Optimal,37,38,August,Late August
Tomato,Taraba,Dry,November,28.6,15.3,Low,Good,Organic Manure,Medium,Early,89,101,February,Late February
Maize,Kaduna,Dry,April,34.9,52.7,Low,Good,NPK,Medium,Optimal,97,107,July,Late July
Maize,Niger,Rainy,June,28.5,141.6,High,Good,NPK,High,Optimal,86,96,September,Mid September
Yam,Niger,Dry,February,32.5,23.8,Low,Fair,NPK,High,Optimal,256,307,December,Mid December
Ewedu,Niger,Rainy,May,30.1,200.5,Low,Poor,No Fertilizer,Medium,Optimal,40,47,July,Early July
Cassava,Oyo,Rainy,October,29.0,122.8,High,Poor,Organic Manure,Low,Optimal,321,323,September,Early September
Yam,Oyo,Dry,December,24.1,9.5,Medium,Good,NPK,Medium,Optimal,185,190,June,Late June
Maize,Niger,Rainy,August,31.1,188.8,High,Fair,Urea,High,Optimal,97,105,November,Late November
Yam,Kaduna,Dry,January,27.7,80.6,Low,Good,NPK,Low,Late,203,226,August,Late August
Yam,Oyo,Rainy,April,29.2,204.1,High,Good,NPK,Low,Optimal,216,220,November,Late November
Maize,Kano,Dry,March,37.3,5.0,Low,Fair,NPK,Low,Optimal,117,116,July,Early July
Tomato,Plateau,Dry,December,17.9,20.9,Low,Fair,No Fertilizer,Low,Optimal,79,89,March,Mid March
Ewedu,Kano,Dry,March,36.8,5.0,Low,Fair,Organic Manure,High,Optimal,34,43,April,Late April
Tomato,Taraba,Dry,February,29.7,72.6,Low,Fair,NPK,Low,Late,90,99,May,Late May
Ewedu,Benue,Rainy,June,29.7,205.1,Medium,Poor,Urea,Medium,Optimal,40,44,July,Late July
Tomato,Kano,Rainy,August,30.4,123.4,High,Fair,Organic Manure,Medium,Optimal,84,82,November,Early November
Ewedu,Ondo,Rainy,September,24.2,264.2,High,Fair,Urea,Low,Early,42,41,October,Late October
Ewedu,Oyo,Rainy,April,29.4,201.6,High,Fair,Urea,High,Optimal,33,36,May,Late May
Tomato,Taraba,Rainy,July,30.0,185.3,High,Fair,Urea,Medium,Optimal,88,85,October,Early October
Yam,Enugu,Rainy,April,29.5,199.5,High,Fair,No Fertilizer,Low,Optimal,213,219,November,Mid November
Yam,Benue,Dry,November,29.7,18.9,Medium,Fair,NPK,High,Optimal,217,236,July,Early July
Ewedu,Kano,Dry,March,36.3,42.8,Medium,Good,NPK,Medium,Early,45,47,May,Early May
Tomato,Taraba,Rainy,October,25.7,246.2,High,Good,NPK,Medium,Early,85,87,January,Early January
Cassava,Enugu,Rainy,June,29.0,249.8,Low,Good,NPK,Medium,Late,313,331,May,Mid May
Cassava,Oyo,Rainy,May,28.5,178.8,High,Fair,NPK,High,Optimal,300,304,March,Mid March
Yam,Enugu,Rainy,June,30.3,234.3,High,Poor,No Fertilizer,High,Optimal,246,303,April,Mid April
Tomato,Taraba,Rainy,May,29.3,240.6,High,Fair,NPK,Low,Late,78,80,August,Early August
Cassava,Benue,Dry,January,27.3,8.6,Low,Good,No Fertilizer,Medium,Late,332,371,January,Mid January
Tomato,Taraba,Rainy,June,26.4,206.1,Medium,Poor,NPK,Medium,Optimal,76,83,September,Early September
Tomato,Ondo,Dry,December,22.3,52.3,Low,Fair,Organic Manure,Low,Optimal,98,113,April,Early April
Yam,Oyo,Dry,January,26.3,14.5,Medium,Fair,NPK,Low,Optimal,247,244,September,Mid September
Yam,Ogun,Rainy,March,25.6,259.9,Medium,Poor,Organic Manure,Medium,Late,216,230,October,Late October
Tomato,Plateau,Rainy,July,25.3,187.3,Medium,Good,Organic Manure,Medium,Optimal,94,90,October,Mid October
Ewedu,Ondo,Rainy,June,25.1,277.0,Medium,Poor,Urea,Medium,Optimal,32,35,July,Mid July
Yam,Benue,Dry,December,28.1,29.1,Low,Fair,NPK,Medium,Early,269,291,October,Early October
Yam,Enugu,Dry,December,27.7,5.0,Medium,Poor,No Fertilizer,Low,Early,240,249,August,Late August
Yam,Niger,Dry,January,22.7,49.6,Medium,Poor,NPK,Medium,Early,257,262,October,Early October
Cassava,Oyo,Rainy,September,28.4,182.6,Low,Good,Urea,Medium,Optimal,305,322,August,Early August
Ewedu,Ondo,Dry,December,25.0,9.3,Low,Fair,Urea,Medium,Late,44,52,February,Early February
Cassava,Enugu,Rainy,June,26.9,157.5,Medium,Good,No Fertilizer,High,Early,301,332,May,Mid May
Maize,Ogun,Rainy,March,28.6,253.6,High,Poor,Urea,High,Optimal,97,104,June,Late June
Maize,Ogun,Rainy,May,27.8,221.8,High,Good,Urea,Medium,Optimal,88,89,August,Mid August
Maize,Kaduna,Dry,April,34.4,71.9,Medium,Fair,Organic Manure,Medium,Late,109,124,August,Mid August
Maize,Benue,Rainy,May,30.2,218.4,Medium,Good,Organic Manure,High,Optimal,106,110,September,Early September
Maize,Benue,Rainy,April,30.2,266.9,High,Fair,NPK,Low,Optimal,120,123,August,Mid August
Maize,Ogun,Rainy,September,28.2,195.8,High,Fair,Urea,High,Optimal,95,108,January,Early January
Maize,Ogun,Rainy,October,30.7,206.9,Medium,Fair,Urea,Medium,Late,107,114,February,Early February
Yam,Enugu,Dry,November,28.1,45.1,Low,Fair,No Fertilizer,Medium,Optimal,209,223,June,Late June
Ewedu,Plateau,Rainy,July,24.5,194.1,Medium,Fair,NPK,Low,Optimal,33,35,August,Mid August
Tomato,Oyo,Dry,December,23.2,35.2,Low,Poor,Organic Manure,Low,Optimal,98,105,March,Late March
Ewedu,Ogun,Rainy,June,27.9,179.5,Medium,Fair,NPK,High,Optimal,41,46,July,Late July
Ewedu,Kano,Rainy,September,29.4,110.5,High,Fair,NPK,Medium,Optimal,43,44,October,Late October
Tomato,Benue,Dry,December,24.2,27.6,Medium,Poor,No Fertilizer,Medium,Optimal,86,93,March,Mid March
Yam,Oyo,Rainy,June,28.1,258.7,Low,Fair,Urea,Low,Late,262,294,April,Early April
Yam,Ogun,Dry,January,23.1,30.3,Medium,Good,NPK,Medium,Early,265,257,September,Late September
Yam,Oyo,Dry,December,25.2,39.7,Low,Poor,Urea,Low,Late,235,254,August,Late August
Tomato,Plateau,Dry,December,20.5,5.2,High,Fair,Urea,High,Early,88,98,March,Late March
Maize,Ogun,Rainy,September,29.7,228.7,High,Fair,Urea,Medium,Late,101,103,December,Late December
Ewedu,Oyo,Rainy,March,26.9,191.5,High,Good,Urea,Low,Optimal,36,36,April,Mid April
Cassava,Enugu,Rainy,October,29.8,180.8,High,Fair,Organic Manure,Medium,Late,315,324,September,Early September
Ewedu,Taraba,Dry,November,26.0,47.8,Low,Good,NPK,Medium,Late,38,44,December,Late December
Maize,Kano,Rainy,June,30.5,92.0,High,Good,NPK,Low,Optimal,118,115,October,Early October
Yam,Oyo,Rainy,May,28.1,183.1,Low,Fair,Organic Manure,Low,Optimal,261,276,February,Mid February
Yam,Plateau,Dry,November,21.6,9.0,Medium,Good,Organic Manure,Low,Optimal,235,240,July,Mid July
Cassava,Ondo,Rainy,March,26.4,261.4,High,Fair,Urea,Low,Early,289,294,January,Early January
Cassava,Oyo,Rainy,March,28.0,204.6,Medium,Poor,No Fertilizer,Low,Optimal,284,300,January,Early January
Tomato,Benue,Rainy,July,28.5,139.5,Medium,Poor,Organic Manure,High,Optimal,90,100,October,Late October
Yam,Ogun,Rainy,March,28.8,255.8,High,Poor,Organic Manure,Low,Early,204,209,October,Early October
Tomato,Taraba,Rainy,July,25.0,211.4,Medium,Fair,Urea,Medium,Optimal,83,90,October,Mid October
Yam,Niger,Dry,December,29.5,5.0,High,Fair,NPK,Medium,Optimal,181,192,June,Late June
Ewedu,Ondo,Rainy,July,25.3,241.9,Medium,Fair,NPK,Medium,Optimal,40,41,August,Late August
Cassava,Oyo,Dry,December,23.4,5.5,Low,Good,Organic Manure,Medium,Optimal,322,317,October,Late October
Tomato,Plateau,Dry,November,21.9,5.0,Medium,Good,Urea,Medium,Optimal,78,73,January,Late January
Yam,Benue,Dry,December,28.4,75.7,High,Good,NPK,Medium,Early,265,277,September,Mid September
Yam,Niger,Dry,November,32.7,15.2,Low,Good,Urea,Medium,Optimal,212,233,July,Early July
Maize,Oyo,Rainy,May,29.3,129.2,High,Good,Organic Manure,High,Early,87,91,August,Mid August
Cassava,Oyo,Rainy,September,28.0,210.6,Medium,Good,Organic Manure,Low,Early,312,297,July,Early July
Yam,Benue,Dry,November,30.9,20.9,Low,Good,Urea,Low,Optimal,208,231,July,Early July
Maize,Ondo,Rainy,November,26.8,173.9,High,Good,No Fertilizer,Medium,Early,91,89,February,Mid February
Tomato,Kaduna,Rainy,August,30.0,144.0,Medium,Poor,No Fertilizer,High,Early,84,99,November,Late November
